,SE1,SE2,SE3,SE4,DK1,DK2,EE,LV,LT
01/01/2013,,,,,20882,11388,3633,,3377
02/01/2013,,,,,26814,12516,1502,,2370
03/01/2013,,,,,53823,19333,726,,2942
04/01/2013,,,,,50590,15665,742,,2426
05/01/2013,,,,,11754,1958,2058,,2098
06/01/2013,,,,,15860,4432,714,,868
07/01/2013,,,,,3594,1843,284,,164
08/01/2013,,,,,3522,2696,2314,,957
09/01/2013,,,,,14771,7133,1463,,1082
10/01/2013,,,,,29442,10978,2241,,1202
11/01/2013,,,,,12976,4906,3560,,1386
12/01/2013,,,,,5590,2591,646,,1557
13/01/2013,,,,,5613,3722,402,,78
14/01/2013,,,,,12243,6751,1456,,69
15/01/2013,,,,,5381,1176,438,,291
16/01/2013,,,,,1665,1858,339,,1113
17/01/2013,,,,,5704,3734,1684,,1554
18/01/2013,,,,,20175,8912,1376,,472
19/01/2013,,,,,26169,6745,167,,467
20/01/2013,,,,,24170,6784,455,,730
21/01/2013,,,,,48740,16761,907,,992
22/01/2013,,,,,28988,12705,1648,,1166
23/01/2013,,,,,5592,5890,556,,300
24/01/2013,,,,,1694,2556,914,,162
25/01/2013,,,,,13952,1518,1519,,408
26/01/2013,,,,,33208,15130,3060,,2010
27/01/2013,,,,,39515,13714,3413,,2462
28/01/2013,,,,,39954,12998,3116,,1485
29/01/2013,,,,,40227,14306,2200,,768
30/01/2013,,,,,53919,15506,3742,,2789
31/01/2013,,,,,41325,16301,1172,,4779
01/02/2013,,,,,9254,5969,936,,695
02/02/2013,,,,,12805,4738,432,,346
03/02/2013,,,,,23569,7957,65,,473
04/02/2013,,,,,45935,16172,1359,,1893
05/02/2013,,,,,22550,12679,1979,,3590
06/02/2013,,,,,12415,7546,1459,,2372
07/02/2013,,,,,10716,2425,494,,563
08/02/2013,,,,,12843,2769,1561,,778
09/02/2013,,,,,7035,2132,393,,343
10/02/2013,,,,,8236,1435,305,,552
11/02/2013,,,,,21115,7127,645,,493
12/02/2013,,,,,12660,5618,690,,669
13/02/2013,,,,,2687,377,342,,1429
14/02/2013,,,,,30265,3647,264,,504
15/02/2013,,,,,11858,4321,28,,362
16/02/2013,,,,,1773,536,15,,75
17/02/2013,,,,,2664,244,367,,218
18/02/2013,,,,,23569,6711,552,,1316
19/02/2013,,,,,31179,13472,2257,,1589
20/02/2013,,,,,19832,12628,2166,,2999
21/02/2013,,,,,6612,6441,228,,954
22/02/2013,,,,,3159,2697,601,,223
23/02/2013,,,,,18659,13282,143,,2480
24/02/2013,,,,,34177,15669,225,,2719
25/02/2013,,,,,21452,12896,176,,1219
26/02/2013,,,,,3536,2712,1744,,163
27/02/2013,,,,,3085,521,1383,,351
28/02/2013,,,,,29913,8119,2629,,2958
01/03/2013,,,,,13550,6160,3207,,3302
02/03/2013,,,,,42489,13368,1773,,2726
03/03/2013,,,,,23844,6518,2672,,4458
04/03/2013,,,,,7156,760,1328,,1174
05/03/2013,,,,,9410,3049,1044,,1459
06/03/2013,,,,,9835,1741,3208,,1293
07/03/2013,,,,,53947,22205,3024,,1327
08/03/2013,,,,,59650,22634,1299,,1675
09/03/2013,,,,,56555,21322,1118,,2713
10/03/2013,,,,,59123,22567,357,,3617
11/03/2013,,,,,25338,14416,1492,,2098
12/03/2013,,,,,9309,1252,852,,589
13/03/2013,,,,,9496,2797,1284,,42
14/03/2013,,,,,4921,1405,324,,113
15/03/2013,,,,,19601,415,733,,2497
16/03/2013,,,,,42873,14851,1109,,1794
17/03/2013,,,,,60805,21840,741,,315
18/03/2013,,,,,67604,23604,1738,,1769
19/03/2013,,,,,44524,17293,2814,,4208
20/03/2013,,,,,29019,10484,3719,,1938
21/03/2013,,,,,21475,6928,2319,,1361
22/03/2013,,,,,36141,14362,1296,,2654
23/03/2013,,,,,38757,13358,458,,691
24/03/2013,,,,,25500,8357,669,,934
25/03/2013,,,,,24064,10064,521,,767
26/03/2013,,,,,13719,8430,474,,473
27/03/2013,,,,,10478,7344,347,,779
28/03/2013,,,,,16923,10416,1048,,1438
29/03/2013,,,,,15099,4936,680,,3323
30/03/2013,,,,,10628,1304,1145,,559
31/03/2013,,,,,4711,1307,175,,419
01/04/2013,,,,,4965,2115,1634,,2130
02/04/2013,,,,,5202,527,1164,,547
03/04/2013,,,,,7360,4307,233,,758
04/04/2013,,,,,8084,6902,472,,1349
05/04/2013,,,,,12323,5734,1628,,1057
06/04/2013,,,,,13291,1564,1066,,787
07/04/2013,,,,,19972,8670,1019,,1293
08/04/2013,,,,,3691,1450,100,,1179
09/04/2013,,,,,32880,15562,29,,478
10/04/2013,,,,,35479,15274,532,,1063
11/04/2013,,,,,20035,8866,564,,465
12/04/2013,,,,,6081,2812,973,,2048
13/04/2013,,,,,4467,1529,2857,,1124
14/04/2013,,,,,31569,5386,565,,618
15/04/2013,,,,,23587,8959,2169,,1269
16/04/2013,,,,,26577,2935,2688,,2607
17/04/2013,,,,,28391,5148,3152,,1511
18/04/2013,,,,,59348,16513,3167,,2484
19/04/2013,,,,,56390,14647,4000,,3020
20/04/2013,,,,,13328,2426,2790,,1987
21/04/2013,,,,,10037,3546,588,,592
22/04/2013,,,,,20368,2003,977,,1547
23/04/2013,,,,,48575,17185,3692,,2557
24/04/2013,,,,,36870,11963,3524,,4266
25/04/2013,,,,,11081,3853,2398,,2019
26/04/2013,,,,,9442,3812,1113,,1095
27/04/2013,,,,,10095,3023,250,,847
28/04/2013,,,,,24074,2474,182,,118
29/04/2013,,,,,53897,13428,2278,,1180
30/04/2013,,,,,44026,12548,3383,,3223
01/05/2013,,,,,7106,991,1400,,443
02/05/2013,,,,,9098,1296,2477,,489
03/05/2013,,,,,10828,1420,422,,913
04/05/2013,,,,,32339,6018,673,,216
05/05/2013,,,,,12889,2381,2840,,1315
06/05/2013,,,,,2910,912,698,,132
07/05/2013,,,,,5838,4719,1161,,354
08/05/2013,,,,,19380,4881,450,,1650
09/05/2013,,,,,14586,1988,1689,,1504
10/05/2013,,,,,37908,3988,316,,241
11/05/2013,,,,,19035,3719,279,,315
12/05/2013,,,,,14043,3145,89,,310
13/05/2013,,,,,26001,7508,172,,443
14/05/2013,,,,,13844,4685,471,,497
15/05/2013,,,,,30686,12055,174,,762
16/05/2013,,,,,14568,8012,1054,,1425
17/05/2013,,,,,27846,11375,1399,,979
18/05/2013,,,,,20469,7485,807,,931
19/05/2013,,,,,7740,1479,511,,643
20/05/2013,,,,,2455,481,1167,,743
21/05/2013,,,,,8832,3132,1516,,630
22/05/2013,,,,,51958,9599,730,,382
23/05/2013,,,,,30419,8020,222,,711
24/05/2013,,,,,9715,2661,822,,552
25/05/2013,,,,,16051,3986,2787,,1470
26/05/2013,,,,,30113,6304,1634,,892
27/05/2013,,,,,9653,1896,878,,1437
28/05/2013,,,,,6447,3882,2020,,1587
29/05/2013,,,,,27025,10061,1231,,570
30/05/2013,,,,,12745,4180,326,,834
31/05/2013,,,,,14897,4498,675,,1970
01/06/2013,,,,,21455,3165,1058,,1673
02/06/2013,,,,,55948,13620,856,,490
03/06/2013,,,,,37636,10974,369,49,744
04/06/2013,,,,,13945,5606,271,240,574
05/06/2013,,,,,6639,1706,221,157,583
06/06/2013,,,,,4037,1145,411,31,301
07/06/2013,,,,,7022,342,285,31,319
08/06/2013,,,,,19673,2214,301,77,253
09/06/2013,,,,,12364,1531,189,155,231
10/06/2013,,,,,5445,1454,351,54,365
11/06/2013,,,,,3882,1196,1753,72,411
12/06/2013,,,,,19133,1790,459,74,331
13/06/2013,,,,,41535,5989,1124,412,1712
14/06/2013,,,,,39752,14024,2799,584,2612
15/06/2013,,,,,29364,6296,1938,257,818
16/06/2013,,,,,42197,13318,1750,487,1504
17/06/2013,,,,,10036,2032,1789,374,1879
18/06/2013,,,,,4404,386,544,100,165
19/06/2013,,,,,15451,4140,185,26,204
20/06/2013,,,,,4878,1576,642,118,847
21/06/2013,,,,,19836,10675,506,146,1381
22/06/2013,,,,,33030,10913,1024,185,249
23/06/2013,,,,,27311,5756,108,61,328
24/06/2013,,,,,17763,4232,187,35,516
25/06/2013,,,,,21747,4354,209,89,962
26/06/2013,,,,,42782,16824,437,197,847
27/06/2013,,,,,26427,9467,588,122,530
28/06/2013,,,,,28323,6153,276,30,147
29/06/2013,,,,,38723,8621,572,31,157
30/06/2013,,,,,34895,14766,303,88,627
01/07/2013,,,,,9646,3122,345,114,1369
02/07/2013,,,,,10860,1138,655,157,453
03/07/2013,,,,,17803,5462,208,13,185
04/07/2013,,,,,5742,907,183,48,702
05/07/2013,,,,,20424,3836,756,116,353
06/07/2013,,,,,6491,1645,1005,100,677
07/07/2013,,,,,6380,515,823,107,687
08/07/2013,,,,,12662,1271,743,192,737
09/07/2013,,,,,15927,1018,457,103,481
10/07/2013,,,,,34451,11167,313,75,320
11/07/2013,,,,,6177,4711,382,114,211
12/07/2013,,,,,2439,1374,419,236,1099
13/07/2013,,,,,19227,5101,320,188,460
14/07/2013,,,,,43230,13634,400,44,652
15/07/2013,,,,,28286,6992,751,116,779
16/07/2013,,,,,20125,4842,2045,198,1617
17/07/2013,,,,,18610,3015,2137,96,801
18/07/2013,,,,,30009,5297,904,138,1255
19/07/2013,,,,,34883,8566,1891,384,2377
20/07/2013,,,,,4642,969,3046,510,2623
21/07/2013,,,,,3931,1372,2026,410,2083
22/07/2013,,,,,1808,385,4022,732,3133
23/07/2013,,,,,8579,3219,2394,473,2248
24/07/2013,,,,,5782,850,1035,77,762
25/07/2013,,,,,2580,381,311,4,85
26/07/2013,,,,,1714,595,490,16,67
27/07/2013,,,,,4379,1329,90,5,101
28/07/2013,,,,,21238,5790,66,43,361
29/07/2013,,,,,5165,230,422,153,1066
30/07/2013,,,,,16288,6743,1825,196,1683
31/07/2013,,,,,17894,6400,755,148,642
01/08/2013,,,,,4885,1400,755,321,1469
02/08/2013,,,,,16563,4015,1226,205,1299
03/08/2013,,,,,31127,7126,311,43,290
04/08/2013,,,,,10536,816,54,57,313
05/08/2013,,,,,16369,3814,255,27,94
06/08/2013,,,,,32960,9040,85,95,653
07/08/2013,,,,,9984,1267,1287,145,951
08/08/2013,,,,,11824,5801,500,35,347
09/08/2013,,,,,16598,3044,1349,274,1598
10/08/2013,,,,,12500,3753,662,24,123
11/08/2013,,,,,30248,9853,258,186,1021
12/08/2013,,,,,26966,11351,2065,487,1686
13/08/2013,,,,,40732,13716,1185,136,758
14/08/2013,,,,,41359,16720,1696,206,2722
15/08/2013,,,,,19351,3132,3012,198,1146
16/08/2013,,,,,29369,3843,940,140,647
17/08/2013,,,,,12521,1171,1975,403,1580
18/08/2013,,,,,39191,7406,2227,253,1555
19/08/2013,,,,,7299,820,1055,84,314
20/08/2013,,,,,10019,3070,16,19,541
21/08/2013,,,,,8053,1305,402,78,322
22/08/2013,,,,,1041,233,549,109,485
23/08/2013,,,,,8153,3879,1053,169,928
24/08/2013,,,,,24826,8630,364,126,1072
25/08/2013,,,,,19579,9596,233,86,859
26/08/2013,,,,,6707,6404,69,99,622
27/08/2013,,,,,2745,1747,125,48,623
28/08/2013,,,,,5512,459,430,32,147
29/08/2013,,,,,16821,1212,296,94,242
30/08/2013,,,,,10340,2094,134,30,393
31/08/2013,,,,,38656,9294,306,89,570
01/09/2013,,,,,43763,14120,1196,288,2452
02/09/2013,,,,,52763,17130,978,224,2724
03/09/2013,,,,,13934,2749,1331,548,3020
04/09/2013,,,,,2973,207,93,36,489
05/09/2013,,,,,19142,3619,22,19,155
06/09/2013,,,,,41184,11141,336,35,393
07/09/2013,,,,,20174,9683,230,28,450
08/09/2013,,,,,29480,10611,204,13,404
09/09/2013,,,,,9080,9517,242,165,1209
10/09/2013,,,,,11881,3448,725,116,602
11/09/2013,,,,,9282,2166,438,68,524
12/09/2013,,,,,4601,317,254,71,440
13/09/2013,,,,,1189,138,538,155,724
14/09/2013,,,,,13963,1471,1008,200,1236
15/09/2013,,,,,36965,7717,658,61,610
16/09/2013,,,,,39691,13667,1094,181,795
17/09/2013,,,,,29758,10410,1262,100,133
18/09/2013,,,,,5153,1388,1690,62,485
19/09/2013,,,,,3819,1074,1299,56,201
20/09/2013,,,,,883,492,311,187,1050
21/09/2013,,,,,11599,2293,350,226,1490
22/09/2013,,,,,42316,13003,1812,401,2815
23/09/2013,,,,,40408,13230,3200,796,3845
24/09/2013,,,,,11491,2122,2493,274,1359
25/09/2013,,,,,11519,1888,2054,204,1133
26/09/2013,,,,,9115,2513,1953,105,547
27/09/2013,,,,,7059,2586,505,232,1155
28/09/2013,,,,,5702,857,1071,80,334
29/09/2013,,,,,17126,5083,911,139,649
30/09/2013,,,,,16594,5735,460,55,306
01/10/2013,,,,,18021,3899,455,49,517
02/10/2013,,,,,27009,7779,169,24,259
03/10/2013,,,,,47594,14947,1317,51,45
04/10/2013,,,,,47920,16760,1506,247,844
05/10/2013,,,,,28770,3321,3121,507,2256
06/10/2013,,,,,16195,1928,1428,167,781
07/10/2013,,,,,21941,2511,1637,293,1869
08/10/2013,,,,,23064,2726,1093,372,1150
09/10/2013,,,,,20709,7642,2976,657,1476
10/10/2013,,,,,10552,2913,676,87,425
11/10/2013,,,,,38430,15030,587,84,267
12/10/2013,,,,,42741,19109,401,63,547
13/10/2013,,,,,21925,4814,1333,41,620
14/10/2013,,,,,9402,2450,481,19,157
15/10/2013,,,,,12300,2480,1530,100,138
16/10/2013,,,,,4889,1095,717,19,40
17/10/2013,,,,,18499,10100,714,174,1024
18/10/2013,,,,,18263,9114,3902,551,2234
19/10/2013,,,,,20625,5727,2958,473,2143
20/10/2013,,,,,18851,4691,470,29,362
21/10/2013,,,,,12290,5891,499,280,1653
22/10/2013,,,,,38134,10436,2115,405,1872
23/10/2013,,,,,42382,13429,4773,729,3770
24/10/2013,,,,,50932,15241,3631,781,3110
25/10/2013,,,,,24883,6307,2935,562,2699
26/10/2013,,,,,52646,13530,2144,605,2696
27/10/2013,,,,,57779,18308,2113,412,2436
28/10/2013,,,,,50240,17694,3232,875,4074
29/10/2013,,,,,45050,19810,4430,675,4221
30/10/2013,,,,,30471,16540,1885,615,3686
31/10/2013,,,,,42411,18074,1571,674,2729
01/11/2013,,,,,32814,13379,3149,683,2535
02/11/2013,,,,,11402,1309,1273,253,1226
03/11/2013,,,,,62442,17271,568,92,886
04/11/2013,,,,,28775,10948,2246,648,3764
05/11/2013,,,,,25486,13603,3696,737,3345
06/11/2013,,,,,8907,5695,699,59,241
07/11/2013,,,,,24048,4853,569,106,672
08/11/2013,,,,,28101,4076,2376,365,859
09/11/2013,,,,,36066,18723,2058,496,2558
10/11/2013,,,,,16403,6575,2990,478,1760
11/11/2013,,,,,22575,4408,159,20,381
12/11/2013,,,,,38544,14152,3673,616,1963
13/11/2013,,,,,37316,8993,2467,364,2548
14/11/2013,,,,,27464,6700,822,105,758
15/11/2013,,,,,23254,3676,1863,397,1569
16/11/2013,,,,,50683,15981,3470,759,4276
17/11/2013,,,,,17966,4719,4091,594,2744
18/11/2013,,,,,11493,3276,3047,384,2071
19/11/2013,,,,,13201,5455,3700,445,2191
20/11/2013,,,,,11141,2672,1554,123,991
21/11/2013,,,,,16361,1271,1091,115,479
22/11/2013,,,,,8501,2586,244,27,201
23/11/2013,,,,,10622,1424,364,53,64
24/11/2013,,,,,30402,10647,1474,223,1469
25/11/2013,,,,,13245,6466,845,201,998
26/11/2013,,,,,11730,1993,1464,221,1062
27/11/2013,,,,,54525,16688,3577,823,4366
28/11/2013,,,,,61306,20659,4377,958,4945
29/11/2013,,,,,30577,11146,1477,308,1318
30/11/2013,,,,,22760,5455,1416,92,336
01/12/2013,,,,,57088,17137,3462,877,4625
02/12/2013,,,,,10634,2012,2721,472,1826
03/12/2013,,,,,33960,7478,3249,809,3953
04/12/2013,,,,,47868,15986,327,419,3883
05/12/2013,,,,,51691,16088,2863,884,4606
06/12/2013,,,,,53040,14958,1826,489,4367
07/12/2013,,,,,31192,15697,798,479,3542
08/12/2013,,,,,42877,13208,396,338,2543
09/12/2013,,,,,9061,4299,292,88,965
10/12/2013,,,,,20933,4326,2054,311,1459
11/12/2013,,,,,23203,5325,2051,409,2337
12/12/2013,,,,,40741,7404,3309,682,2968
13/12/2013,,,,,14859,2891,3417,363,1991
14/12/2013,,,,,22888,5086,561,60,375
15/12/2013,,,,,52235,15569,2700,247,1125
16/12/2013,,,,,64092,18361,3190,724,2584
17/12/2013,,,,,15008,4162,3144,447,2658
18/12/2013,,,,,26565,5854,1664,159,491
19/12/2013,,,,,41439,14109,1944,302,2034
20/12/2013,,,,,45386,11879,3374,324,925
21/12/2013,,,,,74771,21352,3010,807,3636
22/12/2013,,,,,62456,21257,4287,1004,3732
23/12/2013,,,,,61583,18404,4480,940,4165
24/12/2013,,,,,62986,21811,3924,820,4130
25/12/2013,,,,,42135,8908,4587,611,4162
26/12/2013,,,,,10833,1067,2356,175,2323
27/12/2013,,,,,59758,15572,3509,585,2781
28/12/2013,,,,,58640,9571,4623,677,3525
29/12/2013,,,,,39922,8771,1465,208,1262
30/12/2013,,,,,54850,15538,2710,734,2997
31/12/2013,,,,,49814,11490,3157,585,2038
01/01/2014,,,,,38111,8029,1813,188,1634
02/01/2014,,,,,47334,14514,725,150,1347
03/01/2014,,,,,48831,13295,924,169,1151
04/01/2014,,,,,49814,14759,1954,519,2298
05/01/2014,,,,,24402,6923,918,185,1571
06/01/2014,,,,,56378,16369,651,269,2135
07/01/2014,,,,,63909,18525,2466,675,3255
08/01/2014,,,,,57407,15696,2306,727,2642
09/01/2014,,,,,46278,16643,1168,537,3515
10/01/2014,,,,,51593,20215,1827,777,4903
11/01/2014,,,,,48154,16850,788,387,2858
12/01/2014,,,,,43933,16747,1101,230,1850
13/01/2014,,,,,38721,9357,1124,124,820
14/01/2014,,,,,6360,1004,28,27,715
15/01/2014,,,,,35226,5132,362,91,984
16/01/2014,,,,,66653,18403,853,73,479
17/01/2014,,,,,50552,9794,560,190,2352
18/01/2014,,,,,63269,15921,1029,289,1802
19/01/2014,,,,,81191,24066,899,386,3515
20/01/2014,,,,,65035,21383,1081,436,4133
21/01/2014,,,,,37745,11234,673,328,2645
22/01/2014,,,,,57188,15649,719,143,1243
23/01/2014,,,,,68251,17193,835,122,985
24/01/2014,,,,,63308,16082,324,109,1238
25/01/2014,,,,,68106,15605,499,130,1183
26/01/2014,,,,,68769,15725,352,440,3169
27/01/2014,,,,,60111,13129,1894,801,4391
28/01/2014,,,,,59399,9807,3086,707,4314
29/01/2014,,,,,57822,14695,3043,914,4708
30/01/2014,,,,,44085,12652,3082,860,4545
31/01/2014,,,,,34211,6037,3984,862,4869
01/02/2014,,,,,53189,12450,3323,673,4388
02/02/2014,,,,,47564,6574,1893,299,2543
03/02/2014,,,,,20839,3888,267,43,408
04/02/2014,,,,,27865,4315,221,263,2008
05/02/2014,,,,,33365,4738,913,242,1663
06/02/2014,,,,,48528,12890,1365,211,1223
07/02/2014,,,,,54337,18440,1232,373,2503
08/02/2014,,,,,54940,17295,3537,654,2835
09/02/2014,,,,,65411,17768,2309,404,2023
10/02/2014,,,,,32236,8569,443,42,194
11/02/2014,,,,,14941,6383,251,94,1387
12/02/2014,,,,,45376,11715,1188,292,1835
13/02/2014,,,,,56925,13205,1039,159,1096
14/02/2014,,,,,40767,6960,384,52,922
15/02/2014,,,,,76991,21677,959,267,2141
16/02/2014,,,,,70401,21847,3140,672,2933
17/02/2014,,,,,40613,10959,2770,970,4542
18/02/2014,,,,,21099,6908,2425,469,2802
19/02/2014,,,,,6212,3299,254,26,289
20/02/2014,,,,,29557,9076,348,65,845
21/02/2014,,,,,30197,9316,1474,257,1529
22/02/2014,,,,,59856,14756,2559,432,912
23/02/2014,,,,,65598,14870,3247,504,915
24/02/2014,,,,,50703,13615,4399,564,2142
25/02/2014,,,,,31486,8422,3025,388,2497
26/02/2014,,,,,15595,2018,774,183,1259
27/02/2014,,,,,27204,1566,293,67,1171
28/02/2014,,,,,11801,2416,348,103,1138
01/03/2014,,,,,3046,1392,528,89,785
02/03/2014,,,,,30105,3868,568,119,1111
03/03/2014,,,,,47459,12181,1394,206,1855
04/03/2014,,,,,8716,2441,216,279,1632
05/03/2014,,,,,3568,627,858,97,440
06/03/2014,,,,,36364,4187,828,28,96
07/03/2014,,,,,66966,12886,3979,486,930
08/03/2014,,,,,33874,5117,4491,615,2314
09/03/2014,,,,,49845,11414,4268,776,2486
10/03/2014,,,,,21034,6909,3235,757,2962
11/03/2014,,,,,5330,1695,2628,179,847
12/03/2014,,,,,10018,343,2174,265,1285
13/03/2014,,,,,20603,2374,1630,268,2051
14/03/2014,,,,,46855,9050,3966,556,1996
15/03/2014,,,,,71357,21010,3101,840,4686
16/03/2014,,,,,66906,18582,3215,602,3191
17/03/2014,,,,,65597,19432,277,366,2875
18/03/2014,,,,,40875,14036,480,182,1809
19/03/2014,,,,,57330,15720,940,266,2090
20/03/2014,,,,,69550,18031,1657,470,2513
21/03/2014,,,,,46573,9717,4195,736,3047
22/03/2014,,,,,41745,6442,1911,191,974
23/03/2014,,,,,17944,4647,1315,86,311
24/03/2014,,,,,2623,542,290,71,1106
25/03/2014,,,,,20873,6007,2576,616,2232
26/03/2014,,,,,48410,7638,3557,169,432
27/03/2014,,,,,15395,3378,805,199,880
28/03/2014,,,,,13673,5681,1173,300,1528
29/03/2014,,,,,11104,2017,743,84,582
30/03/2014,,,,,1002,674,1086,52,114
31/03/2014,,,,,3697,701,1073,126,484
01/04/2014,,,,,15699,5468,467,80,415
02/04/2014,,,,,23696,9259,867,26,116
03/04/2014,,,,,17502,6977,967,124,745
04/04/2014,,,,,48412,15790,1141,135,831
05/04/2014,,,,,24469,3899,2516,207,1124
06/04/2014,,,,,23266,5472,1297,404,1232
07/04/2014,,,,,21225,5474,200,84,795
08/04/2014,,,,,46629,12938,1218,102,631
09/04/2014,,,,,52962,17867,3189,134,1362
10/04/2014,,,,,3902,2092,1394,243,1413
11/04/2014,,,,,8003,2233,3217,312,1368
12/04/2014,,,,,35010,2455,1825,255,547
13/04/2014,,,,,62006,16312,3888,627,2195
14/04/2014,,,,,58134,13951,1323,290,1607
15/04/2014,,,,,36119,12584,1099,323,841
16/04/2014,,,,,8593,682,958,218,1340
17/04/2014,,,,,53689,11576,3258,582,1310
18/04/2014,,,,,35175,4493,1750,319,1650
19/04/2014,,,,,6969,5338,315,146,1051
20/04/2014,,,,,24283,12292,521,222,1901
21/04/2014,,,,,34278,10082,774,240,1462
22/04/2014,,,,,27066,7891,871,241,690
23/04/2014,,,,,20110,9110,2386,408,1795
24/04/2014,,,,,22823,8592,584,310,2430
25/04/2014,,,,,17767,6465,519,134,1068
26/04/2014,,,,,22056,6182,135,126,782
27/04/2014,,,,,19588,5915,281,144,326
28/04/2014,,,,,5065,2352,255,72,317
29/04/2014,,,,,5222,329,893,113,315
30/04/2014,,,,,11259,1241,637,133,406
01/05/2014,,,,,26176,4714,1336,506,1801
02/05/2014,,,,,7807,2823,1418,136,952
03/05/2014,,,,,29630,4741,749,267,498
04/05/2014,,,,,14520,6647,1029,330,1840
05/05/2014,,,,,4822,575,1654,388,1632
06/05/2014,,,,,29329,8208,830,80,354
07/05/2014,,,,,6518,3701,834,342,1223
08/05/2014,,,,,14411,7394,1153,332,711
09/05/2014,,,,,3449,3738,1091,169,912
10/05/2014,,,,,11954,6483,307,103,565
11/05/2014,,,,,19639,12265,762,296,1314
12/05/2014,,,,,16540,9717,1342,147,289
13/05/2014,,,,,35118,11532,1230,60,992
14/05/2014,,,,,27534,6971,1350,89,696
15/05/2014,,,,,6155,793,714,182,1292
16/05/2014,,,,,5288,1299,256,120,1339
17/05/2014,,,,,1957,1044,374,216,1977
18/05/2014,,,,,5598,1854,712,170,779
19/05/2014,,,,,3923,1179,1167,80,416
20/05/2014,,,,,5103,1137,470,24,98
21/05/2014,,,,,15675,4483,392,16,101
22/05/2014,,,,,24190,6103,356,73,1024
23/05/2014,,,,,8420,3378,1013,473,2363
24/05/2014,,,,,6658,1198,1217,322,2061
25/05/2014,,,,,6138,570,716,51,565
26/05/2014,,,,,5755,1752,1008,62,497
27/05/2014,,,,,38724,13452,2150,203,1597
28/05/2014,,,,,43044,15220,3036,247,1990
29/05/2014,,,,,14852,4056,1617,190,625
30/05/2014,,,,,19978,8493,249,33,390
31/05/2014,,,,,34969,6803,446,50,440
01/06/2014,,,,,3264,878,583,194,1223
02/06/2014,,,,,2282,264,2501,287,675
03/06/2014,,,,,3765,887,987,63,338
04/06/2014,,,,,10878,1912,816,98,361
05/06/2014,,,,,18849,4786,1185,46,270
06/06/2014,,,,,21058,7113,127,31,329
07/06/2014,,,,,3440,299,416,135,585
08/06/2014,,,,,7006,1469,474,125,749
09/06/2014,,,,,5512,1113,476,96,444
10/06/2014,,,,,14060,2959,864,163,877
11/06/2014,,,,,9079,2084,187,47,302
12/06/2014,,,,,31092,7440,961,119,1194
13/06/2014,,,,,41764,12031,850,236,1624
14/06/2014,,,,,15245,3961,2466,447,1799
15/06/2014,,,,,8420,948,1085,136,776
16/06/2014,,,,,21454,1669,1862,188,519
17/06/2014,,,,,10554,1169,3426,409,1316
18/06/2014,,,,,18078,3542,2421,113,1596
19/06/2014,,,,,58860,15148,639,365,2132
20/06/2014,,,,,39652,8853,844,314,1759
21/06/2014,,,,,46675,13978,1495,91,214
22/06/2014,,,,,47872,13318,194,124,1782
23/06/2014,,,,,32068,11994,209,339,1325
24/06/2014,,,,,4830,1550,301,247,1924
25/06/2014,,,,,3385,473,467,187,423
26/06/2014,,,,,2482,757,93,89,941
27/06/2014,,,,,4613,1386,295,83,509
28/06/2014,,,,,3110,1963,260,183,1225
29/06/2014,,,,,11363,722,1334,90,882
30/06/2014,,,,,14039,2683,398,10,274
01/07/2014,,,,,8325,3379,273,26,418
02/07/2014,,,,,20902,5688,1214,160,1043
03/07/2014,,,,,38929,7145,1853,363,1467
04/07/2014,,,,,16394,2510,1261,235,1041
05/07/2014,,,,,17180,2578,294,38,625
06/07/2014,,,,,12210,2942,840,98,814
07/07/2014,,,,,14375,4702,637,129,608
08/07/2014,,,,,16737,6411,768,191,1279
09/07/2014,,,,,34196,13591,831,279,1555
10/07/2014,,,,,18138,11329,2314,387,1903
11/07/2014,,,,,8602,8602,1874,379,2160
12/07/2014,,,,,3245,2018,1709,294,1590
13/07/2014,,,,,8657,4257,1253,319,949
14/07/2014,,,,,27916,12970,462,194,1278
15/07/2014,,,,,24548,4071,1054,272,684
16/07/2014,,,,,11420,939,811,201,340
17/07/2014,,,,,3570,340,161,44,296
18/07/2014,,,,,1947,594,73,12,243
19/07/2014,,,,,14409,3179,75,29,336
20/07/2014,,,,,28932,10126,449,92,549
21/07/2014,,,,,15825,11071,1338,187,671
22/07/2014,,,,,7734,5298,785,242,1157
23/07/2014,,,,,6121,3817,506,152,1362
24/07/2014,,,,,6603,3499,416,105,1013
25/07/2014,,,,,9672,7280,162,86,881
26/07/2014,,,,,9563,2461,20,118,808
27/07/2014,,,,,3644,539,217,152,1001
28/07/2014,,,,,4541,469,487,108,837
29/07/2014,,,,,5631,1607,249,21,535
30/07/2014,,,,,10231,2825,342,66,1262
31/07/2014,,,,,23547,4371,1672,181,933
01/08/2014,,,,,10624,3239,713,45,167
02/08/2014,,,,,33171,7409,255,129,1087
03/08/2014,,,,,9856,1484,1092,216,1562
04/08/2014,,,,,5132,2188,1162,297,1365
05/08/2014,,,,,4691,662,1072,202,659
06/08/2014,,,,,8778,1203,864,77,153
07/08/2014,,,,,10747,1184,522,25,232
08/08/2014,,,,,3020,470,204,33,520
09/08/2014,,,,,48171,10329,52,45,292
10/08/2014,,,,,39227,8708,197,59,250
11/08/2014,,,,,57737,12592,1074,240,1122
12/08/2014,,,,,40003,10632,618,151,772
13/08/2014,,,,,31306,6069,1296,242,1094
14/08/2014,,,,,31479,5605,1003,147,1887
15/08/2014,,,,,19478,3164,468,85,530
16/08/2014,,,,,45286,10053,365,149,669
17/08/2014,,,,,38817,15406,460,276,1696
18/08/2014,,,,,39383,18421,3000,453,2466
19/08/2014,,,,,61563,15875,3412,643,2906
20/08/2014,,,,,57177,16043,3379,721,3680
21/08/2014,,,,,33221,7587,2974,501,1621
22/08/2014,,,,,24942,9567,2051,368,1142
23/08/2014,,,,,26248,9670,1078,239,985
24/08/2014,,,,,48651,10370,759,72,296
25/08/2014,,,,,27076,6018,850,256,2688
26/08/2014,,,,,6192,2143,1492,386,1537
27/08/2014,,,,,6131,3013,1135,553,2308
28/08/2014,,,,,4919,708,1020,510,1765
29/08/2014,,,,,15069,2557,493,156,759
30/08/2014,,,,,13728,2968,330,10,307
31/08/2014,,,,,13344,2110,686,138,765
01/09/2014,,,,,7769,6213,485,128,876
02/09/2014,,,,,2255,3271,64,37,562
03/09/2014,,,,,4155,2819,590,9,291
04/09/2014,,,,,10202,5173,598,7,421
05/09/2014,,,,,6698,3156,667,53,714
06/09/2014,,,,,9929,3381,73,69,438
07/09/2014,,,,,4854,952,170,94,569
08/09/2014,,,,,30564,5674,754,181,923
09/09/2014,,,,,38394,11594,950,105,108
10/09/2014,,,,,19695,6693,199,115,426
11/09/2014,,,,,6985,3121,26,18,261
12/09/2014,,,,,3364,2370,49,40,1013
13/09/2014,,,,,10696,5112,671,159,996
14/09/2014,,,,,27446,11762,294,229,1577
15/09/2014,,,,,38822,14071,141,128,1313
16/09/2014,,,,,30869,9790,123,103,801
17/09/2014,,,,,24045,7025,134,108,776
18/09/2014,,,,,22889,6941,47,87,1141
19/09/2014,,,,,12330,2075,654,188,1602
20/09/2014,,,,,1906,383,952,85,560
21/09/2014,,,,,32827,6723,1283,92,367
22/09/2014,,,,,42984,13417,1104,80,373
23/09/2014,,,,,7986,1526,3331,652,2446
24/09/2014,,,,,15843,12110,2379,375,1230
25/09/2014,,,,,35457,10412,2968,354,1729
26/09/2014,,,,,41726,8437,2494,404,951
27/09/2014,,,,,41882,7554,3769,602,3304
28/09/2014,,,,,21108,3822,2824,560,2798
29/09/2014,,,,,3436,196,2060,204,1416
30/09/2014,,,,,9370,2167,2548,154,469
01/10/2014,,,,,7876,1437,127,140,855
02/10/2014,,,,,3895,709,724,136,756
03/10/2014,,,,,5027,2424,206,12,169
04/10/2014,,,,,31678,7414,249,28,150
05/10/2014,,,,,19517,6803,1390,129,796
06/10/2014,,,,,53302,14088,1399,438,2909
07/10/2014,,,,,58340,16376,3149,729,4065
08/10/2014,,,,,42683,11745,3514,491,2682
09/10/2014,,,,,44008,9712,1016,172,1219
10/10/2014,,,,,44724,8954,1470,216,1005
11/10/2014,,,,,10499,1113,1472,54,311
12/10/2014,,,,,8668,3740,358,171,1594
13/10/2014,,,,,13485,4724,154,56,475
14/10/2014,,,,,21004,1356,769,197,537
15/10/2014,,,,,21909,3123,3797,274,288
16/10/2014,,,,,9120,1803,1642,105,221
17/10/2014,,,,,10018,1438,474,55,494
18/10/2014,,,,,33901,6293,335,76,513
19/10/2014,,,,,48809,11714,3251,530,2292
20/10/2014,,,,,51495,15002,681,575,4032
21/10/2014,,,,,28224,7819,1451,148,633
22/10/2014,,,,,21807,3016,2446,561,3222
23/10/2014,,,,,24307,2831,1855,340,2595
24/10/2014,,,,,51929,11434,3786,469,2864
25/10/2014,,,,,26825,9919,4488,504,2801
26/10/2014,,,,,60321,11536,4756,495,1963
27/10/2014,,,,,62798,11729,5228,918,3449
28/10/2014,,,,,52882,8389,4566,763,2448
29/10/2014,,,,,24408,5317,4533,607,2314
30/10/2014,,,,,6340,711,629,36,363
31/10/2014,,,,,15109,2645,1005,7,69
01/11/2014,,,,,28291,4760,437,55,266
02/11/2014,,,,,48677,7429,4116,592,2162
03/11/2014,,,,,50627,14531,4550,557,2264
04/11/2014,,,,,17763,8217,4079,382,2300
05/11/2014,,,,,14185,4708,1840,87,753
06/11/2014,,,,,14851,4028,2195,164,774
07/11/2014,,,,,31901,4867,474,49,371
08/11/2014,,,,,38232,7241,837,90,301
09/11/2014,,,,,34338,6216,1273,120,613
10/11/2014,,,,,19094,3205,2509,206,1366
11/11/2014,,,,,24592,3611,1852,116,470
12/11/2014,,,,,49420,11346,262,222,1502
13/11/2014,,,,,16809,2378,1426,225,1395
14/11/2014,,,,,40313,8137,577,159,1225
15/11/2014,,,,,67529,17419,968,396,2062
16/11/2014,,,,,68469,18327,1930,511,3213
17/11/2014,,,,,37962,4305,1155,258,1895
18/11/2014,,,,,30244,10372,671,232,2185
19/11/2014,,,,,17639,6446,1295,157,1184
20/11/2014,,,,,2023,704,681,66,334
21/11/2014,,,,,1377,246,146,28,153
22/11/2014,,,,,21606,6646,37,12,66
23/11/2014,,,,,41536,12985,328,73,439
24/11/2014,,,,,36934,12062,3191,626,3490
25/11/2014,,,,,9995,2579,2863,215,1321
26/11/2014,,,,,17519,2981,787,21,631
27/11/2014,,,,,44549,10337,648,61,796
28/11/2014,,,,,59085,14072,305,117,962
29/11/2014,,,,,42965,13417,79,28,270
30/11/2014,,,,,43350,11957,18,16,186
01/12/2014,,,,,43751,13289,123,15,402
02/12/2014,,,,,11393,3086,2013,134,1442
03/12/2014,,,,,2837,462,3057,141,651
04/12/2014,,,,,10991,5727,2351,123,118
05/12/2014,,,,,13473,4623,1652,180,1556
06/12/2014,,,,,20179,5116,2688,235,1408
07/12/2014,,,,,53172,15834,2655,320,1346
08/12/2014,,,,,21366,11108,3533,380,2158
09/12/2014,,,,,31696,8446,2603,206,1046
10/12/2014,,,,,65326,20281,5168,833,3645
11/12/2014,,,,,48848,18756,4500,689,2677
12/12/2014,,,,,37141,18598,3386,552,3692
13/12/2014,,,,,48043,15728,3872,729,4928
14/12/2014,,,,,57622,14598,2554,490,2236
15/12/2014,,,,,47504,17667,4631,632,2181
16/12/2014,,,,,40053,14104,3573,498,2476
17/12/2014,,,,,26179,11030,1879,342,2918
18/12/2014,,,,,47495,13732,2287,323,1669
19/12/2014,,,,,59617,17362,3132,696,4203
20/12/2014,,,,,66997,19717,2490,560,3842
21/12/2014,,,,,54654,17211,3273,455,2314
22/12/2014,,,,,55782,18251,1444,447,3713
23/12/2014,,,,,44200,12693,1001,438,4150
24/12/2014,,,,,26599,13956,875,203,2068
25/12/2014,,,,,26388,9858,2448,206,1383
26/12/2014,,,,,9924,1622,2964,316,655
27/12/2014,,,,,9745,1487,859,306,962
28/12/2014,,,,,13522,2453,620,52,18
29/12/2014,,,,,16349,3029,381,49,426
30/12/2014,,,,,30741,5761,4101,489,2455
31/12/2014,,,,,37998,9684,3177,371,2597
01/01/2015,,,,,68676,16953,3036,571,3703
02/01/2015,,,,,74827,21390,5143,980,4917
03/01/2015,,,,,59688,18217,4858,887,4731
04/01/2015,,,,,45770,15376,4432,860,4659
05/01/2015,,,,,14259,6209,2765,372,2643
06/01/2015,,,,,34851,7653,760,86,732
07/01/2015,,,,,41383,10730,4575,556,3360
08/01/2015,,,,,56485,16847,4582,809,3350
09/01/2015,,,,,65035,20831,907,392,2442
10/01/2015,,,,,49592,14905,1561,419,2220
11/01/2015,,,,,63025,18905,2667,711,4516
12/01/2015,,,,,71279,18497,2027,437,3507
13/01/2015,,,,,36656,11635,4406,648,4151
14/01/2015,,,,,42172,12628,2838,442,2756
15/01/2015,,,,,68893,18412,3073,527,2511
16/01/2015,,,,,64764,16777,5791,878,3332
17/01/2015,,,,,44090,11793,4170,457,1418
18/01/2015,,,,,17240,6541,3632,493,1271
19/01/2015,,,,,5752,2335,570,61,177
20/01/2015,,,,,10601,1399,835,344,1603
21/01/2015,,,,,2557,394,1946,225,994
22/01/2015,,,,,1032,256,418,12,67
23/01/2015,,,,,15362,1171,660,32,130
24/01/2015,1649,8635,23540,12469,42252,11325,1461,42,282
25/01/2015,3846,12525,5367,2023,15686,3705,625,8,68
26/01/2015,7285,13393,19185,11517,38148,10973,981,59,555
27/01/2015,6934,19305,11410,5401,33236,9947,1633,80,1299
28/01/2015,3482,14867,31432,19181,61524,15988,3609,124,1180
29/01/2015,4252,15752,26446,23085,38385,18481,4569,266,3473
30/01/2015,2873,8382,10450,5521,5159,2244,2248,347,3623
31/01/2015,2934,11835,12429,3267,8617,6876,2715,258,1498
01/02/2015,7347,22891,16414,10883,21597,9929,2758,521,4008
02/02/2015,5417,15017,11350,2322,15287,7152,2836,364,2888
03/02/2015,2787,9125,12362,3428,17574,2758,982,210,1082
04/02/2015,982,3691,8005,2563,14785,2001,272,76,439
05/02/2015,6416,14694,7024,1877,6012,1697,343,7,1
06/02/2015,7544,24228,17599,5861,21189,2071,3579,330,1436
07/02/2015,8655,27251,32429,21660,69633,17457,2095,584,3403
08/02/2015,5582,20177,31574,22861,55566,16983,4917,733,3706
09/02/2015,6420,24172,23369,12450,58344,9904,784,58,487
10/02/2015,8870,27153,20254,9571,50723,5417,2543,39,528
11/02/2015,8881,25083,24430,6400,15799,2085,2514,109,441
12/02/2015,9044,19310,19744,4488,8106,587,3247,562,1405
13/02/2015,4098,7574,6626,1260,14234,1384,976,107,541
14/02/2015,2001,4829,6395,3738,24771,4955,996,39,261
15/02/2015,8257,22736,21934,23433,55959,17874,2611,446,2930
16/02/2015,10183,27598,21141,22628,51250,14392,2725,451,3253
17/02/2015,9455,25613,27091,10372,24490,3271,4642,630,3970
18/02/2015,7204,21520,36464,22521,64549,13683,3627,795,4046
19/02/2015,7091,22164,37984,18951,70430,13731,3068,577,3176
20/02/2015,6758,13751,27495,17474,40200,14220,4425,684,1950
21/02/2015,5167,10050,8906,8274,5457,9021,3239,429,2938
22/02/2015,3568,9112,21083,17342,30826,11351,4911,748,2308
23/02/2015,5388,22262,29313,20548,47914,16094,3317,330,1309
24/02/2015,7591,18006,22267,14993,49827,14474,2028,121,504
25/02/2015,4043,12509,24825,8872,18612,6806,1450,123,351
26/02/2015,4644,19953,21789,9819,37405,8940,69,2,73
27/02/2015,9815,25795,20238,7715,8028,5130,47,13,290
28/02/2015,7776,21978,18721,5224,39418,6361,254,14,126
01/03/2015,10290,29181,32944,21584,58242,15797,2336,305,2126
02/03/2015,7934,15413,10616,9946,31919,14956,2096,137,1084
03/03/2015,2043,1040,10834,17921,28605,10805,1728,335,4429
04/03/2015,897,2800,8569,5223,21151,7785,1996,99,724
05/03/2015,2906,12669,10955,4312,21742,4986,146,4,219
06/03/2015,6505,17092,18058,11945,29854,8690,3078,386,1432
07/03/2015,9898,28244,38675,21461,61151,15197,3109,549,1949
08/03/2015,8710,23327,37614,18773,48756,11889,4525,909,3632
09/03/2015,9634,22749,14493,6726,15313,3936,1833,187,1112
10/03/2015,4470,17653,37348,19619,52999,10300,3848,504,932
11/03/2015,5417,14132,16022,10525,19132,8415,1864,153,515
12/03/2015,8303,16254,9637,4068,4389,1673,1246,322,2049
13/03/2015,9248,21759,11230,12484,16701,9380,2100,501,3281
14/03/2015,4331,5276,16806,14888,26672,11615,1978,261,1744
15/03/2015,5383,10511,14708,13033,29829,13268,1414,257,1406
16/03/2015,6594,13278,12106,14386,45854,15313,1448,363,2116
17/03/2015,4738,8463,13874,15528,26080,11042,1190,356,2399
18/03/2015,2624,6351,6405,11355,7912,7491,319,144,846
19/03/2015,8981,18185,6953,2402,4479,574,1192,39,123
20/03/2015,5523,8681,3505,3146,14876,2482,758,84,734
21/03/2015,2628,6652,18201,13809,34682,7909,3021,367,1666
22/03/2015,7409,17770,29280,7776,14743,2452,1687,292,962
23/03/2015,1924,14354,38024,17128,37678,6719,4608,921,3221
24/03/2015,5735,16571,11881,3749,2240,885,3345,333,1249
25/03/2015,3860,6833,24082,16218,23696,9637,1663,188,874
26/03/2015,5686,20684,21920,12051,19595,3820,3388,608,2916
27/03/2015,5027,7326,3621,1544,7345,758,3868,176,711
28/03/2015,1705,8518,9840,8156,39214,5532,1760,43,415
29/03/2015,7866,22467,18893,14980,24830,8870,2373,438,2036
30/03/2015,3197,4161,10651,18298,58733,14245,4173,594,4577
31/03/2015,1171,6488,8684,10423,39570,11205,2648,485,2848
01/04/2015,3081,5014,6432,15577,65407,15612,856,229,1944
02/04/2015,1952,12564,13083,11061,46779,10253,1275,277,1977
03/04/2015,2104,15597,13115,7382,21845,5605,294,169,1283
04/04/2015,1809,8451,14999,6812,10908,3264,1523,163,935
05/04/2015,2482,5892,7155,8805,9688,3482,1110,99,551
06/04/2015,7720,18105,11780,5306,4933,1903,859,102,701
07/04/2015,7756,25759,20673,15810,41968,9894,1911,327,1711
08/04/2015,10409,27419,17946,6749,24613,4808,4799,402,1636
09/04/2015,7998,23718,23752,10861,7475,1299,3369,640,2911
10/04/2015,7349,21321,23038,6174,3876,685,2161,232,1733
11/04/2015,3799,9142,9935,10364,33629,8056,1043,149,669
12/04/2015,1361,16927,32817,25598,59637,13231,3388,840,4386
13/04/2015,7874,28037,20723,20884,63509,17909,1855,402,3437
14/04/2015,4150,12082,18711,16198,44962,10650,3167,463,2400
15/04/2015,499,6811,16202,20046,51562,14039,835,343,2749
16/04/2015,6018,18322,21087,20202,58976,14099,1882,423,3764
17/04/2015,3408,15170,18561,9966,31686,8390,1474,253,1828
18/04/2015,3410,17348,12641,8097,10361,2348,1081,240,1449
19/04/2015,8813,28027,20482,8385,14808,1346,2010,369,1908
20/04/2015,4791,21454,17157,11787,15239,3624,2734,593,2915
21/04/2015,4379,12435,8918,7883,42775,8370,1477,242,1111
22/04/2015,7439,25860,12628,5174,16687,2271,2365,122,711
23/04/2015,3062,27743,30060,22037,40347,10381,4009,387,3458
24/04/2015,1074,11482,15000,12270,17846,3092,1881,362,2561
25/04/2015,2457,14038,12967,7615,30722,4714,602,81,343
26/04/2015,5232,13616,16306,4096,9500,2522,940,38,555
27/04/2015,1314,1548,6643,2268,17943,2033,858,58,1018
28/04/2015,1735,4209,3876,4446,16891,2964,396,73,550
29/04/2015,572,3845,12142,11624,33279,7087,2835,417,2205
30/04/2015,3354,11462,14693,12477,14946,4996,1237,111,893
01/05/2015,4035,3960,6070,4589,4056,894,1862,265,1364
02/05/2015,1996,12071,13835,11994,11497,2150,1039,275,2888
03/05/2015,2717,9574,4637,4925,25903,8078,632,39,175
04/05/2015,1471,8312,18503,10756,29996,7002,579,308,1994
05/05/2015,5438,11761,13390,13339,44756,13289,1192,113,683
06/05/2015,6686,15759,19996,12022,49746,7845,2840,267,1002
07/05/2015,4357,11037,22261,16101,55874,13686,672,148,537
08/05/2015,1807,6434,29694,11361,13598,1585,1508,401,1133
09/05/2015,4559,15099,9031,7429,38899,6688,1506,86,266
10/05/2015,2978,4788,8377,11139,38217,13273,984,246,1269
11/05/2015,3828,16083,23397,11544,45659,8095,700,74,296
12/05/2015,1275,8044,19419,12152,30781,8376,3074,603,2664
13/05/2015,4351,21278,22860,21186,60388,16644,4372,786,4162
14/05/2015,10467,31164,16683,5330,11608,4906,2060,58,896
15/05/2015,7590,18074,13436,6253,6232,1892,1238,236,1356
16/05/2015,1107,7185,8194,7908,37917,8330,909,235,789
17/05/2015,846,3676,22030,24921,59457,16220,494,527,3606
18/05/2015,1508,2294,5349,9342,25630,5550,701,503,3082
19/05/2015,1666,4784,15225,9695,38418,6585,789,148,972
20/05/2015,798,5414,9334,7906,14943,2787,797,78,646
21/05/2015,1862,8155,8743,4362,8764,2183,1024,128,1118
22/05/2015,4169,17190,28646,8723,33957,2556,1128,172,329
23/05/2015,6741,24194,21448,10695,35507,3742,2747,270,818
24/05/2015,4893,12674,11831,6315,25193,1469,1305,175,218
25/05/2015,535,2969,12784,4838,13141,1245,961,141,373
26/05/2015,442,2820,6331,8504,41093,7451,525,139,861
27/05/2015,3142,13395,9290,12175,39688,9122,532,68,1079
28/05/2015,3077,9610,12570,11526,42719,9389,495,95,396
29/05/2015,3090,11156,22770,10980,27974,6099,1048,193,797
30/05/2015,2677,9373,19708,17458,50071,14949,1068,469,2437
31/05/2015,5138,17558,30876,19877,46943,11253,2939,640,1617
01/06/2015,5700,19201,32515,17119,50928,8838,2848,401,2013
02/06/2015,8901,20931,26502,19022,60667,14252,575,143,600
03/06/2015,2260,14096,37196,27852,64680,15612,4632,866,3594
04/06/2015,5574,24958,25273,14720,18036,2971,3619,474,2626
05/06/2015,7502,15073,6453,5486,21575,5653,1304,111,322
06/06/2015,1786,12905,25888,14995,40393,9482,1600,367,1628
07/06/2015,4263,18818,33292,17702,50755,7551,3821,451,1228
08/06/2015,3655,17503,10320,7489,26214,3318,2105,187,1064
09/06/2015,5775,11353,5114,2403,4353,725,1116,136,698
10/06/2015,9017,20838,19426,8722,23134,886,2320,212,564
11/06/2015,7175,16579,11041,5235,15814,1118,1655,124,1226
12/06/2015,4331,10324,8823,2977,2159,408,2033,220,293
13/06/2015,4316,9417,7918,3987,7257,2238,1173,82,379
14/06/2015,1482,5000,13655,14091,45247,8164,1152,304,1488
15/06/2015,4119,22809,10531,10687,42413,6334,2426,264,1502
16/06/2015,8863,25407,7251,5502,25971,3031,2213,127,523
17/06/2015,1975,6552,11416,10902,35245,5111,1366,112,269
18/06/2015,690,3610,6278,11804,46395,8103,2123,405,1144
19/06/2015,1030,5405,6648,5868,32718,10595,786,166,446
20/06/2015,1402,5115,4273,3140,17795,6167,91,38,286
21/06/2015,1036,2973,1361,2403,7048,2920,197,16,136
22/06/2015,850,2115,2370,3296,7102,3216,173,26,271
23/06/2015,614,1996,2710,3265,10260,2118,725,187,1424
24/06/2015,1881,6162,10989,13338,53618,11183,2626,498,2016
25/06/2015,1827,15806,15017,12778,32115,3428,2089,505,1668
26/06/2015,1508,9355,6791,5922,7551,791,801,234,1235
27/06/2015,1273,5508,3013,1233,9611,2985,493,57,449
28/06/2015,1279,6001,7557,2340,15407,3397,425,35,193
29/06/2015,1048,4006,10421,4063,15969,1879,507,75,331
30/06/2015,879,7679,5571,5304,10728,1966,598,88,385
01/07/2015,1001,3686,2516,1598,8473,2508,1528,158,889
02/07/2015,1635,7317,6599,7458,39974,9604,360,30,658
03/07/2015,2391,12290,13953,6372,9619,3398,2056,32,198
04/07/2015,3573,14507,3996,2296,3609,1425,1693,106,343
05/07/2015,1372,6463,3500,1153,3416,1074,671,47,88
06/07/2015,4540,14050,24995,17420,50987,11633,1186,364,2286
07/07/2015,1449,10413,28564,14181,19454,2774,3366,764,3116
08/07/2015,1277,3986,11019,15520,49210,12877,1201,382,1942
09/07/2015,4712,14094,16962,22597,67877,18035,2516,702,2896
10/07/2015,3265,15945,22458,21535,55653,16130,551,365,3029
11/07/2015,2267,7124,6399,4286,4465,890,811,309,2278
12/07/2015,854,1624,2767,1138,5904,2579,1030,103,1070
13/07/2015,659,1220,1936,2218,7614,2267,206,15,233
14/07/2015,564,2086,2582,3541,20860,1488,173,18,168
15/07/2015,635,5853,4182,9552,38968,6023,497,22,895
16/07/2015,554,9649,9444,9616,23487,1223,540,175,1015
17/07/2015,1754,10467,9967,4263,21315,3406,649,306,1947
18/07/2015,2384,12864,28068,11273,44839,8638,817,197,838
19/07/2015,1747,4731,19483,7919,18327,2134,1716,266,1131
20/07/2015,2512,7130,8018,4931,10687,6202,618,120,1665
21/07/2015,1165,3345,9306,11407,35172,9911,834,168,733
22/07/2015,468,720,15363,7487,14873,2493,2655,429,1535
23/07/2015,343,2723,17307,13449,35511,6006,1042,179,1394
24/07/2015,1085,4884,17289,5455,7713,1692,2769,350,1159
25/07/2015,463,3530,13214,10376,36440,8948,884,282,1849
26/07/2015,3781,13357,18577,20498,56143,15368,2411,615,2604
27/07/2015,4526,7341,14562,6939,18295,4921,2003,359,818
28/07/2015,1424,3354,8247,6187,10447,12818,360,107,631
29/07/2015,1404,926,6991,8662,31920,13297,388,309,1242
30/07/2015,1967,10821,6136,4990,26777,13357,1490,259,2300
31/07/2015,710,14239,7244,13227,52598,13210,1886,158,2292
01/08/2015,2582,12525,9056,4239,9336,1072,1351,213,1562
02/08/2015,778,4821,14422,2858,8264,777,2122,175,913
03/08/2015,1500,8844,4685,2495,21993,4822,1138,36,771
04/08/2015,972,5204,12958,11935,20318,6364,259,97,720
05/08/2015,3602,10984,7432,2815,10173,1506,1440,167,800
06/08/2015,1055,1984,4303,1935,12181,3425,697,19,200
07/08/2015,696,7344,8477,4969,5084,1750,158,33,185
08/08/2015,2204,6762,8911,2436,11396,1123,1551,206,1040
09/08/2015,1635,4176,7770,3564,5108,496,217,22,702
10/08/2015,805,3045,4291,1979,5330,946,63,25,332
11/08/2015,3596,11347,5931,1601,5912,1421,226,46,777
12/08/2015,5564,10224,5768,3021,11228,1260,325,32,447
13/08/2015,5210,10331,5246,5019,6900,3700,1859,205,929
14/08/2015,2113,2636,9933,17051,47353,17268,538,106,1069
15/08/2015,1693,8999,18668,18919,15509,4959,655,183,1256
16/08/2015,2055,6699,17438,17397,12846,4370,1194,290,1854
17/08/2015,2391,5546,19184,22972,45992,16476,843,324,2338
18/08/2015,1661,6674,16083,22537,53696,17484,644,251,1699
19/08/2015,2530,9962,9642,12240,23219,9063,256,153,1194
20/08/2015,1640,8589,6185,5725,8072,4012,44,84,677
21/08/2015,1438,8253,5417,2734,13271,2631,106,65,539
22/08/2015,810,7067,1833,2215,13940,4090,265,115,909
23/08/2015,368,2003,6689,10028,31936,10068,727,191,1395
24/08/2015,321,3594,17119,14382,39893,9865,990,250,1508
25/08/2015,716,9824,15834,11960,40742,10687,1208,258,1688
26/08/2015,1935,11446,17577,9888,36881,8310,1557,244,682
27/08/2015,2315,15473,20253,13935,34334,9699,963,201,1426
28/08/2015,5315,17105,22829,9848,26760,4808,2027,256,1950
29/08/2015,4811,15530,21710,9111,21510,2569,2901,454,1894
30/08/2015,3280,4314,8420,2218,1535,1134,1233,106,301
31/08/2015,3486,2904,2022,4785,12176,3397,162,35,607
01/09/2015,1809,4596,23542,7477,25698,8119,728,249,1486
02/09/2015,1006,10234,21848,14727,51082,14310,1450,188,1186
03/09/2015,1884,2903,7226,5150,34921,3690,380,54,303
04/09/2015,1264,2791,3902,2161,14498,5312,430,71,492
05/09/2015,752,5076,10238,8300,42087,15057,874,212,1603
06/09/2015,4010,17244,23434,15323,45110,16354,372,139,1168
07/09/2015,4177,19048,19805,12858,12952,5958,1698,300,936
08/09/2015,3218,13520,14117,8728,9642,3232,2101,263,1087
09/09/2015,3910,10142,3191,3713,2784,609,668,99,633
10/09/2015,1615,3723,1916,3346,6876,4247,133,42,367
11/09/2015,1747,2904,6965,14153,33959,10346,317,113,873
12/09/2015,4113,7815,16561,15136,37346,6450,979,313,1785
13/09/2015,3596,12513,18496,15811,33020,9009,1211,196,1716
14/09/2015,3097,13570,27602,20825,36005,8788,1205,493,3357
15/09/2015,3258,20425,23528,13318,36592,11875,2361,322,1649
16/09/2015,2410,8385,12464,10376,30180,9109,396,79,565
17/09/2015,3285,15314,24308,17305,57987,15518,1212,126,1160
18/09/2015,3821,11135,29199,23593,49710,13153,3744,683,3028
19/09/2015,5188,29066,16203,9425,26281,2419,3563,577,1273
20/09/2015,2622,20181,7173,3669,27035,7862,799,44,195
21/09/2015,883,7228,1732,1797,6770,2983,242,23,636
22/09/2015,1331,3098,6899,8350,21075,5176,974,114,877
23/09/2015,3156,11602,6672,3325,3158,1420,1285,152,1089
24/09/2015,2260,9062,11042,9133,28681,8915,1038,120,325
25/09/2015,4359,17191,22059,7826,29528,3205,446,46,284
26/09/2015,5567,16839,11243,8938,23693,2913,502,75,754
27/09/2015,5680,23131,11963,5144,9921,1620,665,114,751
28/09/2015,2080,4940,7505,4226,1371,648,1938,189,1048
29/09/2015,7473,15693,14844,1786,433,370,721,54,515
30/09/2015,7730,21886,13663,7512,10663,448,2034,328,862
01/10/2015,6521,25099,19633,11974,30869,3359,2291,325,2734
02/10/2015,7219,30767,31690,15241,29434,3642,3728,634,3326
03/10/2015,4488,15100,7163,2278,4843,708,1536,55,527
04/10/2015,7780,18731,3272,442,220,534,1080,61,523
05/10/2015,3970,6546,9937,3794,9497,1649,1390,143,503
06/10/2015,1621,11337,23431,24101,56706,16854,1564,364,2593
07/10/2015,3671,18227,24506,27120,60527,17896,405,167,1984
08/10/2015,2487,13677,12803,16444,36119,7056,389,35,880
09/10/2015,1969,9489,5340,6419,18637,3985,853,32,392
10/10/2015,861,2340,1492,3121,14306,6364,993,32,68
11/10/2015,2027,3868,1007,5586,16625,4553,307,38,709
12/10/2015,3605,3549,3938,6292,16800,5842,230,45,840
13/10/2015,3535,10932,6449,9390,26751,3374,146,157,1648
14/10/2015,4478,9148,5133,10884,32414,7830,386,98,1399
15/10/2015,7673,16530,12666,18134,35369,13234,327,248,2389
16/10/2015,8483,17621,11343,12387,29654,5032,794,223,2244
17/10/2015,7461,19947,4831,4998,12830,1600,143,44,550
18/10/2015,3450,11081,6074,4351,7249,1722,224,98,488
19/10/2015,597,1854,1525,2606,1667,757,309,66,624
20/10/2015,1994,5680,3638,640,2162,401,728,38,488
21/10/2015,5779,18311,16981,4626,24720,4116,1625,23,166
22/10/2015,4737,16521,34270,19330,46723,13046,4272,389,1153
23/10/2015,4248,20214,25010,21500,40375,13722,2583,506,3102
24/10/2015,5902,20067,21803,7560,28885,5371,1130,108,700
25/10/2015,6057,22955,32629,17084,34182,6945,2545,385,1603
26/10/2015,5577,21875,14995,4497,8706,1196,3057,401,2218
27/10/2015,5414,10604,10125,5260,17967,5345,3009,201,911
28/10/2015,3373,10754,9793,17877,40289,11869,593,145,1351
29/10/2015,1157,4419,4594,6229,9554,1798,1132,141,1680
30/10/2015,4827,14299,5851,3070,9665,2084,365,73,495
31/10/2015,6626,25697,15736,6565,16054,4285,1759,211,1328
01/11/2015,10265,31269,22569,8046,4707,1413,2592,464,2162
02/11/2015,8627,31907,26103,9030,4714,317,2466,350,1626
03/11/2015,7291,17487,14099,1699,1630,315,1582,175,479
04/11/2015,7726,20712,5234,900,3447,384,1531,74,135
05/11/2015,2720,5621,3225,2561,6494,1602,289,13,37
06/11/2015,739,6843,4612,3223,10192,3691,479,32,364
07/11/2015,1188,14089,17591,10570,30357,11362,2566,251,1286
08/11/2015,1891,13020,19921,19117,30710,13031,1835,645,4356
09/11/2015,4273,17586,31564,23462,52486,17638,1395,350,2346
10/11/2015,297,6967,26651,20693,44985,18736,816,549,3420
11/11/2015,2097,18969,20480,15601,28779,15544,1537,394,2505
12/11/2015,175,3919,21201,20854,36627,13049,788,467,3306
13/11/2015,2128,14902,25595,19384,44288,15696,1773,345,1986
14/11/2015,1163,4171,27101,26018,41032,18049,1700,465,3019
15/11/2015,277,2152,15226,8524,4233,3066,518,255,1586
16/11/2015,285,8063,19217,13313,34261,9090,623,155,905
17/11/2015,2652,9612,20345,9540,19005,8098,2020,157,1547
18/11/2015,606,3208,7908,16028,36906,17431,863,288,2995
19/11/2015,326,5442,17365,21606,34960,18026,906,347,3654
20/11/2015,1521,14702,10246,3605,8007,6751,1221,96,1546
21/11/2015,6523,28119,14215,10059,13771,7386,3417,104,151
22/11/2015,4506,17853,17517,20418,34581,11027,1874,15,1033
23/11/2015,2364,9387,12169,8341,13709,6618,551,17,197
24/11/2015,5797,19257,28289,22408,47595,18202,2160,457,1980
25/11/2015,2553,12906,14758,9171,12099,6023,3845,656,2843
26/11/2015,7707,29316,14143,2846,15822,2026,3454,336,1186
27/11/2015,8758,34122,41987,23078,55614,13266,4937,822,2492
28/11/2015,4137,14115,33588,21475,47090,15082,4808,660,2199
29/11/2015,7575,26486,33420,25459,53192,18301,3370,575,2865
30/11/2015,2338,13777,30137,24313,49918,16510,3883,778,4817
01/12/2015,3953,32873,28997,22925,33186,13084,3025,635,3510
02/12/2015,5379,22387,20806,11652,37198,10435,2459,299,1550
03/12/2015,8666,28697,18361,11122,23584,10968,2352,270,1631
04/12/2015,6463,21679,33608,27465,64351,18565,3560,706,3905
05/12/2015,6841,29244,39448,29847,69276,16366,4295,940,5052
06/12/2015,7863,31716,38540,30031,67195,20884,4869,867,5190
07/12/2015,8873,36931,24758,15591,21840,4673,4499,610,3826
08/12/2015,5161,23382,22371,11028,36700,7705,2543,187,677
09/12/2015,5355,27320,35599,17632,46207,11214,4245,556,2083
10/12/2015,3913,28416,41279,28793,63630,19123,4466,881,3612
11/12/2015,2493,24422,24773,20142,39406,15950,2662,613,3721
12/12/2015,5110,25438,21167,15120,22724,11225,495,518,3040
13/12/2015,2766,8249,10905,5236,10726,7478,661,98,848
14/12/2015,6679,16893,8480,5831,11887,2550,1222,250,731
15/12/2015,8027,28163,7470,1771,11831,2291,1749,134,198
16/12/2015,3641,19171,11244,6773,26889,7090,3224,321,835
17/12/2015,2356,5368,13418,9793,31220,8665,1398,159,902
18/12/2015,2465,15328,35843,20614,48226,12359,2446,440,2446
19/12/2015,4914,28261,30815,21503,54100,13192,3176,719,4272
20/12/2015,6637,24568,39651,21285,58238,14537,3986,723,2919
21/12/2015,7058,29060,37930,25259,57137,16368,4416,786,3121
22/12/2015,3206,21766,31949,26899,61559,17224,2762,678,4405
23/12/2015,2138,17724,35876,27115,56898,18430,3665,877,4998
24/12/2015,7767,34007,37483,20827,55286,14156,3506,605,3119
25/12/2015,7950,33839,42241,28316,55507,17058,4808,874,4432
26/12/2015,10359,33991,17082,5968,16679,8139,4498,410,2152
27/12/2015,6682,22793,19221,18449,58761,15284,1713,195,1025
28/12/2015,1481,8749,11000,12435,30494,8163,1139,289,2072
29/12/2015,7519,32051,26717,25600,65314,17774,651,98,1012
30/12/2015,8697,34372,26819,23625,59997,16932,1277,286,1419
31/12/2015,9020,28009,22642,19970,51890,13839,1241,323,2072
01/01/2016,8894,27436,10092,5341,13265,1542,1037,221,1771
02/01/2016,3302,9028,19171,23860,65571,17460,568,154,1533
03/01/2016,1995,5179,8612,18055,72334,18420,1221,45,283
04/01/2016,4335,16691,9352,15906,64400,16179,337,51,328
05/01/2016,3530,9272,10846,11669,50214,11896,178,70,250
06/01/2016,1078,2433,9001,13190,33376,8778,494,38,465
07/01/2016,1162,4365,11344,15156,52316,14033,410,106,1045
08/01/2016,4647,7642,16485,17794,37355,12826,1155,226,1265
09/01/2016,1606,2063,14214,6522,19486,3987,648,22,96
10/01/2016,207,11635,24223,18084,40932,9883,604,214,1262
11/01/2016,3535,18965,5271,3882,12909,2232,1935,263,1723
12/01/2016,4756,16158,7411,3063,21187,2583,1271,22,441
13/01/2016,5345,16264,14704,8622,12790,3362,1730,346,2625
14/01/2016,8827,19182,10069,5256,19330,2884,1586,324,2358
15/01/2016,7732,25027,6998,4445,10424,3256,1931,26,792
16/01/2016,8319,28504,11487,2534,8271,272,282,44,832
17/01/2016,2272,21567,18429,5491,6268,2420,1109,207,1053
18/01/2016,993,5483,19055,9994,23374,3106,1592,482,1755
19/01/2016,510,2235,5083,12546,23835,11396,733,205,2537
20/01/2016,856,1709,6811,5120,4348,1753,268,197,2585
21/01/2016,1862,5001,3988,4434,8430,1665,314,22,233
22/01/2016,4608,12322,11728,3986,28545,6465,324,20,140
23/01/2016,1317,10997,13342,5303,15097,2916,1498,198,1233
24/01/2016,1162,12389,12260,5677,28100,6279,1419,192,1175
25/01/2016,2524,11267,11094,4459,33779,8585,93,45,472
26/01/2016,4223,20420,33463,20895,62647,15438,2698,591,3318
27/01/2016,3368,18634,32815,27650,71473,19875,2999,832,4926
28/01/2016,3196,20393,37662,28156,66110,18563,4215,887,5611
29/01/2016,6460,32065,39400,27544,72917,19655,4316,831,4877
30/01/2016,7518,33666,37084,23082,59512,15919,4598,887,5421
31/01/2016,7976,17303,27333,23830,52037,16091,1441,495,4104
01/02/2016,6935,27738,26068,19244,51331,13405,1383,485,2939
02/02/2016,1033,4170,36509,30497,71868,21803,4629,902,5766
03/02/2016,2005,19546,20777,23180,62167,19102,1779,622,4831
04/02/2016,3185,33079,23551,16582,44191,13868,1401,259,2113
05/02/2016,2367,14808,16206,9516,26726,7684,2395,434,3074
06/02/2016,5132,24614,27892,15558,57843,13049,2366,545,1764
07/02/2016,4631,26063,30072,15831,61521,13740,3804,593,3129
08/02/2016,8289,29072,33872,24488,65312,18529,4005,667,3468
09/02/2016,2052,7546,18626,20148,35520,14383,4344,1031,4328
10/02/2016,255,2371,9904,13579,4778,9175,3713,762,2643
11/02/2016,3423,22798,11724,1502,4214,606,1572,36,755
12/02/2016,9937,35224,11882,2320,5901,458,2188,203,1753
13/02/2016,5284,13087,4163,1687,6966,2526,1692,150,1060
14/02/2016,1786,2225,3631,6601,33588,11662,827,23,606
15/02/2016,5274,18304,10404,8699,22097,9854,185,50,836
16/02/2016,7078,20777,15255,4303,13758,818,1345,136,1011
17/02/2016,5420,27520,26498,12043,40600,7796,1926,267,2014
18/02/2016,4656,16950,5633,3525,10905,1228,3163,528,3594
19/02/2016,2629,10175,7884,2270,17182,1895,402,3,195
20/02/2016,6215,32053,29081,19918,54307,15827,2148,315,2235
21/02/2016,6921,16324,20065,16799,40516,11999,2646,446,3634
22/02/2016,1377,1734,11802,20294,49300,15790,838,456,4269
23/02/2016,2717,13075,8149,14505,48189,15696,732,352,4606
24/02/2016,3672,24792,12265,11559,43264,13618,1441,227,1925
25/02/2016,3472,8242,11813,8059,18102,5569,1783,249,2975
26/02/2016,2833,7907,11153,8941,19677,4326,2040,605,2778
27/02/2016,1537,21871,10903,6915,6369,205,1427,503,1923
28/02/2016,2207,12359,5848,1507,2568,77,1699,135,245
29/02/2016,4489,13856,3475,1240,1773,1209,189,40,902
01/03/2016,2943,22123,10789,6044,41810,5188,968,278,3203
02/03/2016,5841,23201,17582,12729,25255,11343,1470,130,711
03/03/2016,1795,5589,9088,2961,10185,2844,587,113,1425
04/03/2016,1184,3390,5309,2373,13060,3742,662,189,1079
05/03/2016,340,2540,7819,15095,32213,8845,142,75,987
06/03/2016,484,1667,12321,10552,7679,1422,512,360,2992
07/03/2016,399,513,8613,8277,3282,4616,1137,187,932
08/03/2016,1246,836,2585,3575,3763,2585,230,29,642
09/03/2016,365,1427,2887,3211,20426,4049,510,38,334
10/03/2016,1983,4874,2869,4535,7668,4712,101,107,865
11/03/2016,2997,6227,3119,1299,946,2102,121,121,789
12/03/2016,1968,5419,4824,1257,1472,138,415,88,767
13/03/2016,5697,16629,9576,922,6131,100,689,64,813
14/03/2016,4688,21075,9569,3239,6893,801,1054,295,2292
15/03/2016,8525,31940,10349,5136,12078,3362,449,91,1100
16/03/2016,8254,31773,10631,3888,4128,681,2313,155,1606
17/03/2016,7761,35031,12623,7631,16219,3495,3558,218,1645
18/03/2016,8007,24724,14168,6516,7528,1451,3761,800,3798
19/03/2016,4362,6776,14233,5971,20477,4229,1137,180,2984
20/03/2016,1185,4326,10280,4754,33954,3775,614,12,139
21/03/2016,956,3563,6170,6779,46323,10855,198,99,1534
22/03/2016,1979,7862,2180,2689,21891,2549,450,97,943
23/03/2016,2157,5342,5980,3848,18823,3521,1221,160,1049
24/03/2016,2072,9816,10976,3793,11277,1902,1147,137,442
25/03/2016,1527,5196,10739,6960,22360,3556,1792,234,853
26/03/2016,4333,18955,17426,8201,39191,5508,1020,36,248
27/03/2016,7634,33486,28940,20522,46653,10886,2514,279,1795
28/03/2016,7177,28471,22813,14807,60032,13887,2330,407,3037
29/03/2016,7450,24159,20688,8944,47398,7153,2202,364,2841
30/03/2016,2762,6700,9488,6865,15025,8367,444,105,1432
31/03/2016,886,3820,8312,9162,27778,4997,231,133,3428
01/04/2016,1029,8992,14902,12034,10867,2497,439,259,3073
02/04/2016,1104,7835,16182,9935,19475,3464,1419,149,1149
03/04/2016,1502,3340,4216,4214,10525,1610,470,154,1180
04/04/2016,3044,9361,7379,5815,15500,1784,469,191,543
05/04/2016,355,2777,4512,2102,4807,1626,1137,261,2247
06/04/2016,1430,5805,18750,18742,34393,10820,3083,883,3919
07/04/2016,2318,10577,17471,23608,39052,16028,2799,534,1795
08/04/2016,3273,16501,10452,14289,28606,8528,2526,576,507
09/04/2016,2026,11803,6590,4429,6536,823,459,159,688
10/04/2016,1048,5829,2558,2787,19482,3366,424,234,2974
11/04/2016,1082,3970,3394,8826,21986,8816,754,370,2857
12/04/2016,3031,6879,4238,8988,19073,7050,547,217,1284
13/04/2016,2572,5830,6027,5595,5010,2185,1136,342,717
14/04/2016,3318,11655,7624,5473,2997,1044,2034,480,1829
15/04/2016,3753,7660,17094,10133,10848,3636,494,51,809
16/04/2016,2537,8736,6746,6308,24239,7543,1996,419,2426
17/04/2016,695,2051,11782,25813,62178,17933,1482,423,1775
18/04/2016,435,3932,31537,25694,61664,14641,2228,1069,5515
19/04/2016,7240,18352,25675,27528,72996,19460,1943,954,5476
20/04/2016,5694,23140,18037,12082,39609,10830,2119,753,4828
21/04/2016,1043,8736,16234,18917,46213,9243,1307,330,3306
22/04/2016,426,13307,20721,13659,36444,8567,403,244,4241
23/04/2016,1257,5253,5673,3275,17530,3123,182,60,636
24/04/2016,689,2245,4499,2689,11661,1824,1152,207,1335
25/04/2016,5744,19897,4930,4444,11862,5283,1301,59,82
26/04/2016,3134,4505,12271,19432,37833,7214,1297,126,424
27/04/2016,6757,16971,9967,14606,39565,2321,952,108,1122
28/04/2016,2905,18029,11145,5538,11951,3448,1814,225,887
29/04/2016,4370,29292,23960,17145,35274,8047,543,192,640
30/04/2016,1130,12307,19577,12875,25396,2749,367,144,552
01/05/2016,1416,8009,5283,2244,2058,1513,325,196,720
02/05/2016,2217,11502,9505,3996,20752,2422,127,65,536
03/05/2016,968,12883,10338,8348,22180,6967,261,97,527
04/05/2016,1991,6171,5401,6950,6195,3005,599,168,824
05/05/2016,1507,9371,8499,3382,4641,334,560,129,1717
06/05/2016,1257,4819,4696,4993,21129,6079,339,141,1396
07/05/2016,1520,5969,5318,6695,35714,9092,263,162,1337
08/05/2016,2672,5644,3897,5241,30868,8119,324,188,1278
09/05/2016,2119,4138,2705,4158,23746,7217,298,97,1247
10/05/2016,2144,14219,5314,2794,14565,4570,444,40,383
11/05/2016,2398,8326,13973,10478,21083,8617,1240,225,953
12/05/2016,5598,19524,10288,7263,13223,10999,726,314,1627
13/05/2016,1817,7907,12349,2715,19061,1816,1184,203,1425
14/05/2016,1046,7104,13911,5079,30098,6696,863,27,602
15/05/2016,2220,19197,17065,8373,36629,8796,1408,183,2340
16/05/2016,1648,10441,19788,18082,41626,15537,1017,571,4842
17/05/2016,3755,12690,4114,7167,41759,8427,988,158,1519
18/05/2016,2121,1675,9850,4243,13961,1910,356,87,321
19/05/2016,1114,4281,7275,3349,2682,599,362,68,289
20/05/2016,1709,10048,10149,5784,22439,4790,262,22,506
21/05/2016,1757,5510,9596,4492,17161,2350,821,68,1192
22/05/2016,1309,8043,10578,13096,19223,8042,311,42,114
23/05/2016,3727,13770,12537,7914,5782,1908,224,253,1664
24/05/2016,3086,15945,13828,4549,16366,4871,645,187,1281
25/05/2016,4604,17969,16914,7284,28305,1124,455,258,1016
26/05/2016,4122,24478,15522,4480,7949,1296,791,203,707
27/05/2016,888,11656,10657,1218,4255,388,439,76,274
28/05/2016,633,4599,6762,3729,7557,2327,984,240,1672
29/05/2016,712,2612,16442,8840,16314,6871,859,268,2350
30/05/2016,1179,1261,19514,21881,38315,16108,925,401,2490
31/05/2016,518,1138,13408,14665,27450,10527,1156,300,2842
01/06/2016,1275,2294,8690,10550,17562,9176,633,298,2331
02/06/2016,2047,4217,8110,10448,17236,7826,311,136,408
03/06/2016,7941,23967,4708,4855,7550,3687,709,141,425
04/06/2016,6431,18231,9608,2706,3256,435,1527,285,1278
05/06/2016,3335,7456,7870,4722,5017,1396,1289,372,1996
06/06/2016,1237,4718,7968,5093,12341,6062,1027,227,1367
07/06/2016,3636,15173,13071,6316,10135,2516,720,306,539
08/06/2016,8164,40312,17747,7056,27075,6604,2376,346,2319
09/06/2016,8811,35115,9684,4650,17644,2262,3263,233,2028
10/06/2016,5066,20379,14916,9153,27530,9270,739,306,2047
11/06/2016,610,2546,6759,4775,6520,1153,2419,682,4927
12/06/2016,822,2694,2197,2517,8050,2862,1904,245,2057
13/06/2016,2106,9698,3211,8908,27790,8574,930,45,474
14/06/2016,2285,4442,7530,13262,26635,3239,374,223,2257
15/06/2016,1655,7129,11458,5360,4096,709,1519,352,1101
16/06/2016,4218,11717,8525,1987,733,332,1236,410,1126
17/06/2016,4184,10757,5927,3798,8628,2406,1725,409,3647
18/06/2016,4585,24515,16886,20344,39499,8766,3644,1110,6073
19/06/2016,4189,21873,13908,15296,47466,7519,2677,661,1199
20/06/2016,3221,13953,12743,8772,39932,4495,1102,98,464
21/06/2016,3145,10887,11381,7568,10365,3240,278,32,894
22/06/2016,3056,5310,9330,5317,7751,1598,561,81,827
23/06/2016,607,1872,4940,5279,8698,3009,545,127,403
24/06/2016,968,2573,4823,5426,10234,1947,557,438,1688
25/06/2016,497,3322,4479,4532,7954,3696,172,82,1303
26/06/2016,1342,6194,15089,9994,27499,6758,380,197,1496
27/06/2016,4518,16812,16754,9596,34764,4449,623,193,1296
28/06/2016,1209,6072,13799,4630,8750,1081,197,77,242
29/06/2016,1429,3009,4437,3981,16781,3342,151,28,463
30/06/2016,1952,9037,9754,5858,23786,3246,693,144,452
01/07/2016,3610,12290,12261,11178,27119,8347,191,90,368
02/07/2016,6841,20022,18538,9697,39233,6193,1009,381,2272
03/07/2016,5074,15330,14658,9530,33474,7981,880,71,623
04/07/2016,1403,6390,9364,9266,18481,5257,1557,341,2801
05/07/2016,7683,17679,6926,3549,11350,2973,3154,453,2563
06/07/2016,8058,33582,10409,16529,54695,16485,2122,80,1749
07/07/2016,7367,28822,13804,17427,36250,8246,3058,473,4342
08/07/2016,4205,12868,7293,7224,12334,4320,2457,429,3239
09/07/2016,1372,5092,11402,9075,25187,8371,451,73,859
10/07/2016,631,5877,8714,7088,22373,4036,635,360,2495
11/07/2016,635,5681,12440,13474,36501,7399,625,323,1583
12/07/2016,355,2480,17065,16900,30109,8800,2307,740,2492
13/07/2016,1011,2964,15362,7957,25166,1121,1544,263,625
14/07/2016,739,6138,5320,2613,27271,4632,542,122,2103
15/07/2016,924,8895,6975,10044,41728,12838,1642,367,3269
16/07/2016,1891,7810,21240,12073,30587,6565,2529,378,2229
17/07/2016,1722,4986,20132,9037,17967,3303,1706,267,1471
18/07/2016,2263,10677,6716,6015,15409,3735,349,127,1703
19/07/2016,1278,4148,3224,2701,3775,1266,1223,200,1516
20/07/2016,932,1728,1248,1109,7503,1557,1353,206,2703
21/07/2016,1166,3119,3239,1986,12635,5098,1473,299,2434
22/07/2016,850,2601,1862,1500,4385,2857,527,65,737
23/07/2016,332,2332,1452,936,1994,690,97,10,330
24/07/2016,488,1381,1408,1128,2246,1096,30,22,170
25/07/2016,627,3088,2640,1626,8682,870,0,28,335
26/07/2016,1065,8381,12031,4330,11002,1885,44,40,454
27/07/2016,1761,7002,8439,3088,14952,1432,85,39,312
28/07/2016,1014,7799,11480,3721,6441,1359,265,67,1067
29/07/2016,1312,2876,3390,2290,4041,1620,92,50,122
30/07/2016,381,3505,8878,4535,12166,3609,223,196,712
31/07/2016,1228,5480,20012,6320,10935,856,1182,187,1093
01/08/2016,1314,5233,15907,6861,26381,4588,384,65,1288
02/08/2016,810,3634,19533,7487,8120,2048,1254,269,1407
03/08/2016,777,4249,9854,9032,28666,7514,548,155,568
04/08/2016,619,2207,13278,11158,41792,7929,2216,521,1895
05/08/2016,625,1098,9292,5561,21604,4138,551,85,846
06/08/2016,407,5286,9555,14759,47161,9180,302,139,1024
07/08/2016,1017,10819,15456,15780,39408,8302,577,211,3296
08/08/2016,6876,25951,35504,22511,59490,14098,2598,719,3244
09/08/2016,4088,15025,35155,24443,57579,13317,3927,945,2883
10/08/2016,2562,11892,21389,19933,45567,11585,2088,282,1520
11/08/2016,1723,10397,7392,10519,18931,7439,2090,341,1808
12/08/2016,2480,12672,16506,8758,27273,5187,852,215,1396
13/08/2016,2756,7960,22800,20498,50557,11286,3193,751,3547
14/08/2016,3689,15197,10879,14611,31721,6455,999,364,3492
15/08/2016,3245,22306,14072,6129,15339,3210,882,504,2341
16/08/2016,7775,25588,16191,5822,5919,1586,2361,585,3887
17/08/2016,4438,20000,18934,8475,5584,2033,2361,148,2303
18/08/2016,1066,9120,21578,11736,16189,3000,1028,111,2238
19/08/2016,2119,7211,5078,1452,2447,617,1122,272,1590
20/08/2016,1750,4449,4146,4289,15340,2084,119,57,950
21/08/2016,1469,3416,2502,1156,17327,1393,1562,203,2102
22/08/2016,1616,2373,4664,4458,14974,4686,1069,37,296
23/08/2016,4153,11414,3637,3423,4859,2989,263,83,426
24/08/2016,2314,8371,5252,1864,9604,1806,491,31,443
25/08/2016,4282,14931,9064,9207,13923,6197,1032,221,413
26/08/2016,2164,13348,20383,13319,27261,6249,1277,640,3963
27/08/2016,8298,31494,28076,7689,8771,944,3609,364,3079
28/08/2016,2401,6036,7318,7189,20793,5788,485,135,1407
29/08/2016,1953,2633,17359,16456,45879,13766,1335,701,4608
30/08/2016,2673,10388,18799,13795,25782,6203,1728,629,5531
31/08/2016,5218,16822,16894,6093,17534,1156,630,151,1221
01/09/2016,7008,17011,23406,8925,18413,2021,1787,356,1936
02/09/2016,4227,12365,17979,10477,26242,3343,1608,364,2511
03/09/2016,1530,6509,16571,12295,23232,4792,933,375,2289
04/09/2016,1976,14582,10986,3323,9968,2086,1282,170,1142
05/09/2016,3953,8555,7458,5494,6826,3789,406,125,1055
06/09/2016,2841,15373,25704,6532,23067,2003,1321,127,782
07/09/2016,8245,32216,23512,9237,11028,1552,3168,780,4846
08/09/2016,3025,11184,4204,2690,10830,1905,1115,78,1046
09/09/2016,3995,13796,8993,3562,9371,2042,30,64,459
10/09/2016,652,4103,11328,1926,18583,2108,503,7,147
11/09/2016,3984,20269,23296,9207,22398,3392,591,127,119
12/09/2016,7554,10542,5817,1953,10224,3316,939,47,528
13/09/2016,610,2824,3606,3565,13567,3754,605,45,844
14/09/2016,3372,9611,1922,1672,13255,4368,355,37,544
15/09/2016,3875,7762,3603,1174,12586,2483,676,30,272
16/09/2016,1426,6467,11554,8720,19520,7608,1399,120,923
17/09/2016,2529,4145,4946,9903,15190,11295,261,102,2152
18/09/2016,1603,2304,655,6378,6606,7130,187,46,877
19/09/2016,697,2512,1495,2143,1273,1529,313,40,235
20/09/2016,298,2875,3102,4512,2852,1585,888,81,1213
21/09/2016,71,431,945,2281,2912,1432,768,210,2176
22/09/2016,242,1048,749,450,7433,1249,878,112,1255
23/09/2016,325,3352,5589,4904,16379,2196,1148,75,971
24/09/2016,586,4109,9073,7279,13813,1974,557,10,1153
25/09/2016,2424,9044,14128,6755,29346,5039,607,16,217
26/09/2016,1623,10270,9065,6878,5141,1748,275,57,627
27/09/2016,2786,15868,11792,5541,24287,1410,164,101,454
28/09/2016,7972,27736,33767,25310,60431,16489,2823,650,5998
29/09/2016,5287,22859,36472,25702,65854,15516,2694,826,5422
30/09/2016,9139,32668,40149,24948,44732,12731,4599,1153,7536
01/10/2016,8514,31672,18086,8575,8033,2888,3372,635,2952
02/10/2016,6943,17844,10772,5564,11209,988,327,123,1882
03/10/2016,4531,11733,15146,18487,33935,7420,1511,422,2076
04/10/2016,2545,5787,19926,17315,25324,10534,3912,784,5683
05/10/2016,5628,8123,23281,22819,35195,11920,4648,1136,7494
06/10/2016,3757,12898,29232,26369,42491,13624,3826,878,6179
07/10/2016,1033,11164,28925,18800,32362,9724,4006,613,2580
08/10/2016,816,13966,28096,18554,30755,9061,3996,477,2357
09/10/2016,536,11242,29146,16341,29980,3422,2877,323,2814
10/10/2016,492,3223,26593,16837,28843,5571,2977,399,2966
11/10/2016,445,759,14252,17772,37702,14202,734,334,4330
12/10/2016,1303,1032,6744,14772,33893,10808,111,205,3730
13/10/2016,728,248,4927,14948,36608,10498,125,101,2169
14/10/2016,256,1052,14294,22830,58236,15729,70,131,1624
15/10/2016,4176,8212,26226,29325,62062,14901,442,529,5748
16/10/2016,2561,13734,17569,16976,29166,3622,265,366,5263
17/10/2016,1925,14578,11389,12399,31428,5423,655,440,5253
18/10/2016,4747,14555,5705,3102,17403,2442,1331,301,4362
19/10/2016,1793,3628,8086,7640,20151,2551,1313,282,3529
20/10/2016,49,3322,17323,10539,29947,4139,1323,299,4280
21/10/2016,595,5175,24181,19397,41787,5521,1692,474,6079
22/10/2016,1547,8054,31949,18251,40698,3685,3056,662,6519
23/10/2016,1715,9392,26594,7413,23042,1211,3062,512,3645
24/10/2016,2609,5289,15865,7243,11851,1465,1904,522,5972
25/10/2016,1082,899,5221,4580,3577,783,953,57,1217
26/10/2016,915,3502,12490,4928,21081,2003,656,95,1309
27/10/2016,4572,14766,29387,14194,31677,7394,3471,764,3708
28/10/2016,3835,22318,37368,30696,60679,16968,4447,1152,8621
29/10/2016,4022,33756,34111,25680,53800,17305,4074,891,7424
30/10/2016,6285,21557,18598,11751,7010,3862,2331,659,5700
31/10/2016,1999,4332,5473,2302,9844,1177,962,145,1540
01/11/2016,353,6598,21593,21323,52675,13769,1130,478,3911
02/11/2016,2027,11641,32324,22938,32806,14526,3127,199,3279
03/11/2016,2476,6616,7344,7830,9352,2473,1395,261,2254
04/11/2016,3115,7041,12305,8766,10665,8718,538,44,640
05/11/2016,2933,11329,36409,19134,27585,4117,338,551,5537
06/11/2016,3267,13575,38931,25442,57265,6965,3435,659,3603
07/11/2016,3846,20599,25302,15355,32012,7951,2796,105,123
08/11/2016,3990,24487,17869,4543,9622,5944,472,37,1116
09/11/2016,2741,16852,10103,7655,20353,4998,774,165,2252
10/11/2016,1128,10051,5535,5156,12238,3012,926,131,623
11/11/2016,2657,6897,4480,4674,8163,2535,751,8,387
12/11/2016,1618,10141,16767,3067,22446,1796,478,129,671
13/11/2016,3196,4183,16239,7828,27411,5967,298,139,1027
14/11/2016,7594,19093,17986,12895,45228,12396,131,168,4279
15/11/2016,7569,16183,18577,17641,38026,13744,1931,602,5415
16/11/2016,4740,21030,20165,10997,36013,8748,1237,197,3088
17/11/2016,4963,23845,27231,14592,39908,10123,2830,467,4981
18/11/2016,5197,13628,27184,23080,51096,15812,3338,844,7837
19/11/2016,3649,18966,30044,17313,41892,12363,3294,594,3891
20/11/2016,3630,15755,20411,21466,50261,16174,1855,424,4701
21/11/2016,3576,17819,22755,16044,25689,9210,4905,698,7468
22/11/2016,3006,17047,18074,8905,32841,5290,3584,612,6674
23/11/2016,1534,14562,23452,7156,28611,940,3077,329,2647
24/11/2016,2714,24725,21012,10623,17330,1869,4251,700,3268
25/11/2016,4099,22505,25169,12944,23447,1324,1924,279,3041
26/11/2016,4822,39159,38016,28254,59881,13365,3209,1006,8650
27/11/2016,10156,40756,40195,26348,35423,11296,3358,719,4884
28/11/2016,4571,28645,26813,18301,19022,5726,3011,849,6230
29/11/2016,7487,26872,25013,21478,45868,13015,1901,351,3560
30/11/2016,8152,41637,29110,22836,53919,17240,2525,632,6258
01/12/2016,8018,37772,19457,14642,69339,18625,951,272,2279
02/12/2016,8352,21121,27991,18423,22842,8824,777,353,2371
03/12/2016,2783,6326,10294,8383,11896,2329,2844,201,2395
04/12/2016,7937,36541,21614,10207,24260,4391,2486,341,3332
05/12/2016,5146,38036,29605,21223,38059,9252,5170,938,8041
06/12/2016,6134,21474,13151,4744,7315,2000,1150,195,2728
07/12/2016,6586,21335,34225,21010,48971,11911,3690,814,4824
08/12/2016,3971,15388,38748,30609,51961,16582,1029,1078,8897
09/12/2016,9521,21353,28712,22055,39820,14001,2124,540,8057
10/12/2016,8040,5665,6758,18444,41810,15252,1442,72,2687
11/12/2016,5674,8202,8194,9457,33697,7866,552,315,1665
12/12/2016,5835,22872,16730,9199,11564,5083,2286,397,2248
13/12/2016,4008,30808,25298,10526,9069,2588,695,517,5561
14/12/2016,6515,26736,16942,8861,4821,577,812,316,2716
15/12/2016,5867,25125,16135,3219,17372,3112,1785,240,1044
16/12/2016,7380,13673,7656,3041,7159,3817,1108,419,4361
17/12/2016,6820,17964,15020,3814,16982,1983,1104,193,1574
18/12/2016,7687,28649,11265,3343,11600,3623,1124,135,1266
19/12/2016,7509,32127,23426,8873,11356,780,858,325,5322
20/12/2016,9162,28712,24499,5342,16128,3284,1804,252,1356
21/12/2016,7519,39062,31278,17500,52382,13054,3252,741,3249
22/12/2016,10436,40214,37429,16735,44402,9466,3074,706,2436
23/12/2016,7872,35379,35980,23968,50942,15841,3121,730,5557
24/12/2016,6325,31736,42444,30145,59782,18896,4605,1145,7940
25/12/2016,2567,20277,38272,24925,53352,15234,3478,688,5590
26/12/2016,5355,31039,43501,30059,49619,16667,4678,1085,8905
27/12/2016,10648,43296,36749,25998,49148,13955,2938,1121,9658
28/12/2016,8868,29904,19524,7294,22496,4091,2999,702,6884
29/12/2016,9756,32027,39728,17649,38739,6108,3135,561,3866
30/12/2016,10686,38789,43551,20064,49104,8845,3370,867,6380
31/12/2016,9243,37899,40948,27921,62075,15866,4047,1133,8037
01/01/2017,3980,17422,22191,17238,27918,11704,929,872,8054
02/01/2017,1362,14094,19637,9674,20763,4296,240,207,3117
03/01/2017,2056,16877,20965,17480,55892,14628,549,460,4067
04/01/2017,3032,18091,33534,28075,57010,17695,4611,950,6546
05/01/2017,3099,6516,15462,16600,18552,9104,3930,804,6406
06/01/2017,10905,36167,31281,7083,34609,2531,961,158,883
07/01/2017,10462,35627,19829,12135,36278,10522,3535,475,2268
08/01/2017,10121,35746,18997,2857,9243,1082,1521,207,1300
09/01/2017,7433,26327,23502,10135,38945,6496,2260,467,1983
10/01/2017,2811,32132,31741,20129,48616,12786,3346,617,2640
11/01/2017,10018,38959,43146,29531,69723,18762,5076,1094,7604
12/01/2017,6879,11286,36068,29039,59606,17187,4528,989,7283
13/01/2017,1420,5338,13488,4749,12361,2561,2617,391,3910
14/01/2017,3397,20299,13285,3600,36675,6294,117,8,524
15/01/2017,5601,36368,20222,7510,12272,5715,241,11,1399
16/01/2017,5884,17753,11507,6496,5112,2605,104,8,216
17/01/2017,9710,30921,20149,5227,15269,839,656,80,354
18/01/2017,7076,34000,24895,18193,39715,6991,2440,602,4259
19/01/2017,11199,40622,32412,20035,31445,7576,2763,642,4949
20/01/2017,10028,29698,27357,16018,32208,7588,1909,285,3655
21/01/2017,6368,28575,11085,2662,8091,1526,1562,141,1318
22/01/2017,5589,28695,22627,4128,3883,446,2835,770,2391
23/01/2017,3930,33000,23093,10024,10880,1570,2959,716,2691
24/01/2017,3743,10356,6823,3949,14543,3340,1510,163,2652
25/01/2017,10651,32444,23803,5669,21781,1660,1637,141,1153
26/01/2017,8235,32257,28452,7152,13217,1290,3559,472,5054
27/01/2017,7852,22551,7469,3580,24076,4322,344,66,628
28/01/2017,5530,18977,8589,4828,19062,2441,836,98,641
29/01/2017,9700,27712,15830,9380,25632,7164,1355,446,2628
30/01/2017,9548,30210,13172,4840,12169,7503,2219,241,2218
31/01/2017,5268,6537,3724,9158,17094,9015,1015,8,1330
01/02/2017,4893,9907,3500,3772,28102,4604,586,12,267
02/02/2017,1463,8724,5847,8443,36525,8395,269,12,795
03/02/2017,29,1660,1859,7124,31979,5443,57,2,422
04/02/2017,46,341,5897,9204,21109,2920,0,49,1845
05/02/2017,676,702,9827,12713,20131,6661,991,113,2074
06/02/2017,1049,500,15852,16849,34573,10427,2588,498,5276
07/02/2017,2388,2457,23768,23278,53893,13710,1376,636,7953
08/02/2017,3356,4288,25768,22588,47676,7468,859,418,6918
09/02/2017,1020,4756,17241,6265,19642,2612,201,207,2364
10/02/2017,2534,1825,13279,14858,39225,10183,276,189,3012
11/02/2017,1301,11265,11209,22685,52071,16579,43,174,3159
12/02/2017,9616,29170,5928,11190,39064,12450,1142,8,461
13/02/2017,10491,41588,19358,3643,7889,1835,4049,347,1447
14/02/2017,4474,22490,9156,4459,7757,633,2387,151,3329
15/02/2017,3936,9730,8710,3573,7213,1534,684,63,143
16/02/2017,5307,10829,15574,13127,35004,9109,1683,340,2236
17/02/2017,9810,34728,10781,5523,13186,2688,1465,340,3706
18/02/2017,4997,27895,19980,6650,33014,4882,2966,267,1815
19/02/2017,2372,26994,35016,21583,45199,12035,4934,1188,7668
20/02/2017,4250,4850,26997,30649,67297,18990,1806,1066,9439
21/02/2017,4295,7026,16530,24531,65847,17777,1325,273,7730
22/02/2017,4212,14532,32560,30582,74010,20278,3328,796,6251
23/02/2017,4550,29831,21187,14149,33548,12750,3262,766,6262
24/02/2017,9038,41494,24414,12319,30381,11250,3126,537,4404
25/02/2017,7886,24240,22030,14238,42235,12197,2909,614,6028
26/02/2017,1984,3239,10295,15350,35191,15003,1233,637,7767
27/02/2017,3222,13932,17383,15151,48993,15745,1055,193,3279
28/02/2017,1773,7986,23850,17458,69762,14537,3845,546,5360
01/03/2017,1953,2654,22137,21827,56521,14523,1637,453,3535
02/03/2017,2039,2861,10508,6394,30106,8462,2015,356,1978
03/03/2017,4437,1912,15332,16566,39179,10026,1083,675,5480
04/03/2017,3794,3649,12794,11507,32591,4638,567,148,1728
05/03/2017,1743,2932,37993,25734,39520,7707,2089,860,4953
06/03/2017,801,3636,37238,25565,53078,15330,4149,1038,6485
07/03/2017,3935,13219,20774,11174,14977,3596,3785,387,2381
08/03/2017,2836,6909,10985,9973,25477,7013,3452,647,3642
09/03/2017,1286,10591,19203,6901,28505,3240,1442,225,1654
10/03/2017,3775,16140,10660,9622,34278,8041,217,32,237
11/03/2017,6812,23301,5924,2776,6659,1316,162,55,441
12/03/2017,4285,17565,14428,4022,25794,4975,217,2,445
13/03/2017,2856,15748,16891,7069,13733,2680,684,24,239
14/03/2017,6200,26606,34885,16615,45927,9894,3297,735,2584
15/03/2017,9695,44274,41588,31778,66259,17491,3549,858,8129
16/03/2017,9461,32740,26399,15142,48258,10677,1886,370,3860
17/03/2017,4703,24069,40092,25582,53853,15135,4580,915,6750
18/03/2017,6288,25791,11290,11166,40767,15659,1368,302,2423
19/03/2017,4154,13008,8586,7025,28174,7889,67,117,693
20/03/2017,10107,27437,10540,7620,27673,8741,269,126,997
21/03/2017,5671,21777,34023,26582,64288,15723,3207,836,5453
22/03/2017,2855,26797,30853,22083,34978,6870,3838,935,5279
23/03/2017,9839,36024,12602,3428,6915,1680,2318,286,1640
24/03/2017,5542,23769,16054,7169,12071,1286,1717,104,2198
25/03/2017,6364,30247,15420,11924,31633,5732,663,319,4498
26/03/2017,10493,38212,23818,7295,6711,441,3446,458,3219
27/03/2017,6833,34712,18319,9041,15797,2402,4498,498,4214
28/03/2017,8012,20648,7311,3058,5675,803,3546,232,1970
29/03/2017,4485,8673,4360,4370,11041,6403,610,68,1542
30/03/2017,2835,8508,10411,8497,29562,5166,553,78,984
31/03/2017,2686,7238,8414,6824,23713,4281,459,154,3020
01/04/2017,2902,13050,18688,5287,9367,1458,3070,210,1846
02/04/2017,1406,5562,11788,2490,8215,3067,1173,64,877
03/04/2017,6938,12152,5091,2141,10778,1541,561,77,933
04/04/2017,6714,26829,26359,4637,15222,774,1806,42,584
05/04/2017,4019,15446,32795,21501,53768,11683,2865,488,1796
06/04/2017,3370,18754,16308,14778,49218,12955,412,128,1934
07/04/2017,2963,8586,6569,7945,57371,14556,622,94,794
08/04/2017,2030,10527,9804,8051,32579,7024,1983,228,1971
09/04/2017,3110,22873,24301,13903,32766,3479,1998,603,4625
10/04/2017,2486,20975,33711,28621,69244,18662,4254,846,5712
11/04/2017,6191,33966,25529,23327,56764,17909,3070,462,6945
12/04/2017,924,3712,10402,20233,58121,16708,1034,439,5847
13/04/2017,3075,5003,6645,8816,54859,15817,2152,311,3127
14/04/2017,2361,2770,11284,14405,29053,12674,335,31,285
15/04/2017,2634,3739,7525,12289,28112,11093,300,119,1143
16/04/2017,2067,2543,3817,3673,13191,1855,598,390,4530
17/04/2017,1066,2490,8371,7321,23279,5587,799,47,378
18/04/2017,2852,3125,7176,7097,18353,8746,485,136,1601
19/04/2017,3732,8123,7608,3074,7196,856,142,132,1579
20/04/2017,9341,31369,33939,16001,40899,6300,2838,160,1546
21/04/2017,6541,40883,38629,31059,57695,18160,2313,455,9166
22/04/2017,5425,38829,34034,24440,58228,17471,2479,531,7730
23/04/2017,1456,24205,13747,13758,51861,15808,2077,279,3077
24/04/2017,732,7213,23841,23923,57806,13731,637,446,2972
25/04/2017,1678,20079,24206,21501,26252,5003,2046,452,3278
26/04/2017,7107,19376,12244,6405,8183,1693,3127,706,4655
27/04/2017,6677,10477,6431,5020,16877,3105,1176,230,808
28/04/2017,1715,5645,20716,11106,14786,5349,855,122,2542
29/04/2017,2098,9230,17253,8346,14935,1630,3881,418,3088
30/04/2017,5750,18564,9296,4161,27394,8421,1750,152,1436
01/05/2017,9083,22942,5028,15867,51463,16579,935,148,2232
02/05/2017,9279,21516,5292,15266,38574,17256,1211,278,2560
03/05/2017,2860,5318,10046,18150,33402,15367,1404,380,2530
04/05/2017,4984,10804,18734,26159,48911,17051,1053,651,6469
05/05/2017,8901,35922,8299,14738,30827,10518,1305,311,3394
06/05/2017,3123,9207,10447,2946,3940,333,1212,81,894
07/05/2017,3758,15534,10042,5374,8597,1142,982,207,1866
08/05/2017,4999,19665,24961,11227,47227,8723,1573,486,3451
09/05/2017,2325,3559,5529,3809,14080,2845,817,301,3788
10/05/2017,2291,2159,5188,7004,14579,4497,241,60,659
11/05/2017,1014,2537,8133,8361,6157,3526,495,61,297
12/05/2017,789,3871,6859,15167,49873,15238,401,148,2014
13/05/2017,1008,5225,9762,11592,22649,5756,586,260,2422
14/05/2017,2076,8395,4949,3683,5891,1592,464,95,898
15/05/2017,1515,7901,5763,3519,6369,1507,755,99,1686
16/05/2017,6871,22136,8892,3684,29898,5411,973,117,997
17/05/2017,2421,12340,8944,5890,10753,5259,1184,266,1344
18/05/2017,1857,12062,18170,13308,30171,9279,201,19,673
19/05/2017,3276,14131,5660,3436,3334,901,1030,215,1764
20/05/2017,1871,6113,15080,8834,19645,8042,677,86,844
21/05/2017,1681,8964,15002,8512,14756,1362,466,122,2070
22/05/2017,1349,15730,14018,5050,2254,399,831,153,2235
23/05/2017,2653,10842,3981,2630,13898,2491,406,72,1961
24/05/2017,3619,10472,4326,4971,41920,10654,96,43,1031
25/05/2017,4004,18339,9029,7656,36170,6743,987,108,2564
26/05/2017,2690,9897,6788,5012,11180,3543,1697,99,966
27/05/2017,1932,5786,11121,6669,10091,1847,619,341,1607
28/05/2017,6076,20598,19640,13998,37176,8599,1899,422,3647
29/05/2017,3724,9371,5439,4714,11514,2746,1124,117,3640
30/05/2017,1590,3855,9390,5300,11194,5462,448,22,563
31/05/2017,4396,28001,14465,26153,71290,18193,2296,202,7747
01/06/2017,7794,28338,17455,14517,39756,11917,3985,340,4591
02/06/2017,9071,15196,6162,4230,7191,1499,3801,556,3737
03/06/2017,2543,4064,2903,5526,8663,3519,2082,127,569
04/06/2017,2091,4784,3148,3490,18071,5490,391,40,1671
05/06/2017,2108,10193,22742,14193,28716,4470,603,293,4703
06/06/2017,1759,9442,19689,18264,46422,7788,373,171,1674
07/06/2017,2073,23440,31446,20672,46272,15581,1686,526,3837
08/06/2017,3777,13795,15762,18003,42318,12553,298,239,1360
09/06/2017,1021,3118,6407,8333,14625,6328,64,62,396
10/06/2017,975,3573,13227,5141,17549,2481,40,129,1221
11/06/2017,1548,3961,13054,9316,24767,7526,381,98,1486
12/06/2017,2847,9316,23530,22332,58137,15128,2424,722,5645
13/06/2017,3769,16633,17258,25772,59715,18209,1835,834,8809
14/06/2017,1504,12679,8675,8948,23610,6612,1515,254,5276
15/06/2017,2394,6590,4049,3660,10583,2339,334,56,1439
16/06/2017,772,2135,3321,10665,59914,16955,195,13,421
17/06/2017,832,6189,4545,7119,32653,12081,325,28,763
18/06/2017,4732,19571,22051,10240,21113,3933,1695,307,1866
19/06/2017,4811,17861,17184,8697,12913,1085,1141,334,2518
20/06/2017,2409,24306,23689,21280,50179,8382,3399,479,5095
21/06/2017,3719,30002,13107,9029,23438,5414,3899,324,3333
22/06/2017,4411,10627,4280,2311,8978,1620,2202,62,1933
23/06/2017,944,7680,5373,3310,21678,10734,741,55,357
24/06/2017,2793,15187,24462,16410,45853,13921,763,465,3368
25/06/2017,3975,11966,29156,22063,63436,13360,3069,774,5236
26/06/2017,1537,16594,25471,28217,65517,15865,2699,994,7489
27/06/2017,5615,29826,10961,8771,15979,3313,3342,482,4930
28/06/2017,2374,8859,8937,12152,28311,11622,954,153,1870
29/06/2017,694,3631,29374,28234,38680,10042,2252,764,4645
30/06/2017,1091,9758,34528,19610,29963,2666,4593,259,3642
01/07/2017,2503,7304,10892,9081,24560,2240,3494,113,5223
02/07/2017,4839,10510,19701,16656,56065,13197,731,136,4584
03/07/2017,1926,11525,23662,22905,50228,12842,1139,645,6775
04/07/2017,6378,32836,13908,11039,36480,12452,1270,247,4759
05/07/2017,9819,29088,7963,3974,16920,3120,2418,171,1641
06/07/2017,5678,13528,6250,3120,4908,707,1789,152,2166
07/07/2017,1249,3722,3677,1742,1247,581,745,117,267
08/07/2017,2040,7964,4312,5630,29272,5659,152,30,597
09/07/2017,2571,7265,10698,7349,19888,2381,106,88,1764
10/07/2017,3021,7409,7154,1317,2459,999,225,97,1412
11/07/2017,1938,5832,3825,4298,15853,2677,1672,444,3151
12/07/2017,642,10924,15033,7716,37861,3821,1289,269,2025
13/07/2017,2243,29614,16619,11863,44991,13165,1080,301,4613
14/07/2017,2600,23824,7348,5576,11875,1164,1019,42,1614
15/07/2017,2974,9389,6383,3149,5441,689,523,11,264
16/07/2017,6693,24271,21965,12291,38800,8060,351,59,546
17/07/2017,2752,10906,27445,19774,41229,7340,2522,608,5439
18/07/2017,8015,27453,13127,11480,23871,2973,1511,397,4394
19/07/2017,6429,19482,4725,1623,9143,4637,1547,103,754
20/07/2017,2488,3442,4451,7780,25151,4723,657,35,1394
21/07/2017,1023,4043,6074,7535,12855,2303,284,66,1121
22/07/2017,368,2008,3484,6900,19100,5860,318,141,1323
23/07/2017,1523,2137,9594,14669,29778,5067,253,99,1890
24/07/2017,2722,4098,8357,6897,7914,537,380,250,1912
25/07/2017,535,3523,8195,13302,15090,8853,456,336,3012
26/07/2017,432,2647,6253,8385,3407,3119,1384,443,2842
27/07/2017,731,3220,2996,2771,16785,1929,900,130,2244
28/07/2017,726,2682,6129,6371,17782,4408,1548,356,1834
29/07/2017,3039,10751,11157,11338,37360,10421,336,220,1516
30/07/2017,3667,4696,9562,6748,28495,6112,500,233,1489
31/07/2017,1177,10395,22168,6827,26241,3065,983,333,1600
01/08/2017,1389,4739,7321,1805,5499,781,1095,172,1303
02/08/2017,982,1472,9540,7189,16120,2610,1367,253,2618
03/08/2017,691,1445,5105,5998,34620,7253,1378,231,1525
04/08/2017,1781,6877,11583,19949,55441,17196,2688,898,5213
05/08/2017,2373,7760,13495,20089,44564,12962,2975,1149,6964
06/08/2017,967,3050,15405,19152,44269,10297,3945,920,5027
07/08/2017,591,2043,12398,10364,27210,3620,2509,561,3264
08/08/2017,1090,4268,2515,10515,12539,7240,399,117,1123
09/08/2017,1188,2305,4237,13037,40279,8136,1020,439,4550
10/08/2017,899,4234,2819,6365,20315,1894,1330,48,833
11/08/2017,2400,6150,1129,1214,4056,2477,386,46,949
12/08/2017,1349,7265,1800,5307,15232,6466,1552,255,2431
13/08/2017,3293,12170,4213,16959,42094,7947,2365,726,4175
14/08/2017,4068,11030,1638,4060,8915,2382,465,81,1104
15/08/2017,1575,3937,1962,11277,25914,9785,299,27,243
16/08/2017,2388,9658,2362,5261,7100,1903,894,156,1205
17/08/2017,2155,5341,1184,6135,26202,5361,330,76,1510
18/08/2017,845,3442,2160,5177,17785,3145,616,249,2326
19/08/2017,1264,5894,5075,13372,31996,10022,1742,526,3312
20/08/2017,4310,12680,4243,11823,39287,13025,1240,241,417
21/08/2017,1379,7683,395,4463,42477,14942,227,88,608
22/08/2017,1901,4738,971,4052,17925,6000,65,32,357
23/08/2017,631,231,1176,2207,2897,749,1870,343,3289
24/08/2017,656,1072,1251,3025,28833,5226,3665,569,5456
25/08/2017,2566,9057,1884,14960,36863,6727,988,496,5474
26/08/2017,2917,11049,835,2756,5079,534,2841,166,1476
27/08/2017,455,1449,711,2470,4991,3152,301,38,404
28/08/2017,1530,5989,1114,2411,5471,797,104,61,535
29/08/2017,1615,6923,3885,9455,23041,3161,1351,193,598
30/08/2017,2986,6746,2413,4749,7013,2126,2859,534,3618
31/08/2017,2058,3198,2704,8117,19728,5108,2705,553,4779
01/09/2017,1142,7143,1800,5447,11368,1394,1985,246,1669
02/09/2017,895,2338,1048,2773,4586,634,1194,396,2265
03/09/2017,250,848,2864,7829,2525,491,3715,336,1024
04/09/2017,1002,7752,4027,6562,5777,4612,4746,663,2523
